behind,blocked,clean,dirty,draft,has_hooks,unknown,unstable
0,29,882,657,0,0,2,1556
0,29,880,657,0,0,4,1549
0,29,878,657,0,0,10,1549
0,29,880,657,0,0,7,1549
0,29,880,657,0,0,13,1549
0,29,878,117,0,0,19,1549
0,29,878,117,0,0,83,1549
0,29,878,117,0,0,83,1549
0,29,878,117,0,0,155,1549
0,29,917,65,0,0,47,1640
0,29,929,65,0,0,36,1667
0,29,938,65,0,0,13,1686
0,29,937,65,0,0,13,1689
0,29,944,65,0,0,13,1698
0,29,947,65,0,0,13,1701
0,29,949,65,0,0,9,1706
0,29,951,65,0,0,3,1711
0,29,951,65,0,0,6,1711
0,29,951,65,0,0,6,1711
0,29,951,65,0,0,9,1711
0,29,940,64,0,0,3,1709
0,29,940,64,0,0,5,1709
0,29,937,64,0,0,7,1708
0,29,937,64,0,0,4,1710
0,29,934,64,0,0,7,1710
0,29,934,64,0,0,8,1712
0,29,933,64,0,0,12,1711
0,29,935,64,0,0,9,1710
0,29,934,63,0,0,10,1708
0,29,935,63,0,0,5,1707
0,29,935,63,0,0,5,1707
0,29,935,63,0,0,10,1707
0,29,934,63,0,0,3,1711
0,29,937,63,0,0,12,1712
0,29,937,63,0,0,12,1712
0,29,938,63,0,0,3,1718
0,29,938,63,0,0,3,1718
0,29,938,63,0,0,5,1718
0,29,935,63,0,0,9,1713
0,29,934,63,0,0,9,1713
0,29,939,63,0,0,3,1712
0,29,940,63,0,0,4,1711
0,29,938,63,0,0,12,1713
0,29,938,63,0,0,13,1713
0,29,942,63,0,0,5,1717
0,29,939,63,0,0,4,1712
0,29,938,63,0,0,3,1712
0,29,936,63,0,0,3,1712
0,29,936,63,0,0,5,1712
0,29,936,63,0,0,5,1712
0,29,937,63,0,0,3,1712
0,29,937,63,0,0,4,1712
0,29,938,63,0,0,5,1712
0,29,938,63,0,0,6,1712
0,29,936,63,0,0,6,1712
0,29,936,63,0,0,3,1713
0,29,936,63,0,0,3,1713
0,29,936,63,0,0,3,1713
0,29,935,63,0,0,3,1713
0,29,935,63,0,0,5,1713
0,29,926,62,0,0,5,1719
0,29,926,62,0,0,3,1719
0,29,926,62,0,0,3,1719
0,29,926,62,0,0,9,1719
0,29,926,62,0,0,9,1718
0,29,930,62,0,0,3,1718
0,29,930,62,0,0,9,1717
0,29,930,62,0,0,9,1717
0,29,930,62,0,0,9,1720
0,29,928,62,0,0,9,1720
0,29,928,62,0,0,10,1720
0,29,928,62,0,0,4,1722
0,29,928,62,0,0,11,1721
0,29,928,62,0,0,11,1721
0,29,930,62,0,0,6,1721
0,29,930,62,0,0,6,1720
0,29,932,62,0,0,4,1721
0,29,932,62,0,0,3,1721
0,29,931,62,0,0,3,1721
0,29,931,62,0,0,3,1721
0,29,931,62,0,0,7,1721
0,29,931,62,0,0,7,1721
0,29,933,62,0,0,4,1721
0,29,933,62,0,0,4,1721
0,29,933,62,0,0,3,1722
0,29,933,62,0,0,3,1722
0,29,933,62,0,0,3,1722
0,29,933,62,0,0,9,1722
0,29,934,62,0,0,3,1725
0,29,933,62,0,0,5,1725
0,29,933,62,0,0,3,1725
0,29,933,62,0,0,3,1725
0,29,933,62,0,0,3,1725
0,29,933,62,0,0,3,1725
0,29,933,62,0,0,3,1725
0,29,933,62,0,0,3,1725
0,29,933,62,0,0,3,1725
0,29,933,62,0,0,3,1725
0,29,933,62,0,0,3,1725
0,29,933,62,0,0,3,1725
0,29,933,62,0,0,3,1725
0,29,933,62,0,0,3,1725
0,29,933,62,0,0,3,1725
0,29,933,62,0,0,8,1725
0,29,938,62,0,0,6,1725
0,29,938,62,0,0,4,1726
0,29,938,62,0,0,4,1726
0,29,938,62,0,0,4,1726
0,29,938,62,0,0,4,1726
0,29,938,62,0,0,4,1726
0,29,938,62,0,0,4,1726
0,29,938,62,0,0,4,1725
0,29,938,62,0,0,4,1725
0,29,938,62,0,0,9,1725
0,29,938,62,0,0,9,1725
0,29,938,62,0,0,4,1726
0,29,938,62,0,0,4,1726
0,29,938,62,0,0,4,1726
0,29,938,62,0,0,4,1726
0,29,937,62,0,0,6,1726
0,29,937,62,0,0,4,1726
0,29,937,62,0,0,4,1724
0,29,938,62,0,0,6,1723
0,29,938,62,0,0,6,1723
0,29,938,62,0,0,10,1724
0,29,936,62,0,0,10,1724
0,29,937,62,0,0,4,1725
0,29,937,62,0,0,4,1724
0,29,937,62,0,0,9,1724
0,29,937,62,0,0,5,1725
0,29,937,62,0,0,4,1724
0,29,936,62,0,0,11,1724
0,29,936,62,0,0,16,1724
0,29,937,62,0,0,9,1728
0,29,939,62,0,0,13,1731
0,29,939,62,0,0,13,1731
0,29,941,62,0,0,4,1735
0,29,940,62,0,0,17,1735
0,29,945,62,0,0,5,1738
0,29,943,62,0,0,10,1738
0,29,944,62,0,0,5,1738
0,29,943,62,0,0,10,1738
0,29,942,62,0,0,5,1739
0,29,944,62,0,0,5,1737
0,29,941,62,0,0,10,1736
0,29,941,62,0,0,10,1736
0,29,943,62,0,0,5,1736
0,29,941,62,0,0,6,1736
0,29,940,62,0,0,6,1736
0,29,940,62,0,0,5,1737
0,29,940,62,0,0,7,1737
0,29,940,62,0,0,5,1739
0,29,940,62,0,0,5,1739
0,29,940,62,0,0,7,1739
0,29,940,62,0,0,7,1739
0,29,940,62,0,0,6,1740
0,29,940,62,0,0,5,1741
0,29,940,62,0,0,5,1740
0,29,940,62,0,0,6,1740
0,29,940,62,0,0,5,1740
0,29,940,62,0,0,5,1740
0,29,940,62,0,0,7,1740
0,29,940,62,0,0,7,1740
0,29,942,62,0,0,5,1740
0,29,942,62,0,0,5,1740
0,29,942,62,0,0,5,1740
0,29,942,62,0,0,5,1740
0,29,942,62,0,0,6,1740
0,29,942,62,0,0,5,1740
0,29,942,62,0,0,5,1740
0,29,942,62,0,0,5,1740
0,29,942,62,0,0,5,1740
0,29,942,62,0,0,5,1740
0,29,942,62,0,0,8,1740
0,29,943,62,0,0,5,1742
0,29,943,62,0,0,5,1742
0,29,943,62,0,0,5,1742
0,29,943,62,0,0,5,1742
0,29,943,62,0,0,5,1742
0,29,943,62,0,0,5,1740
0,29,943,62,0,0,5,1740
0,29,943,62,0,0,5,1740
0,29,943,62,0,0,5,1740
0,29,943,62,0,0,8,1740
0,29,944,62,0,0,5,1740
0,29,944,62,0,0,8,1740
0,29,944,62,0,0,8,1740
0,29,945,62,0,0,5,1741
0,29,945,62,0,0,5,1741
0,29,945,62,0,0,6,1741
0,29,944,62,0,0,5,1742
0,29,944,62,0,0,5,1742
0,29,944,62,0,0,9,1742
0,29,944,62,0,0,9,1742
0,29,940,62,0,0,5,1736
0,29,940,62,0,0,5,1736
0,29,940,62,0,0,17,1736
0,29,940,62,0,0,18,1736
0,29,940,62,0,0,18,1736
0,29,940,62,0,0,18,1736
0,29,945,62,0,0,5,1742
0,29,945,62,0,0,5,1742
0,29,945,62,0,0,5,1742
0,29,945,62,0,0,5,1742
0,29,944,62,0,0,5,1741
0,29,944,62,0,0,5,1741
0,29,944,62,0,0,5,1741
0,29,944,62,0,0,5,1741
0,29,944,62,0,0,5,1741
0,29,944,62,0,0,5,1741
0,29,944,62,0,0,5,1741
0,29,944,62,0,0,5,1740
0,29,944,62,0,0,8,1740
0,29,944,62,0,0,8,1740
0,29,947,62,0,0,5,1740
0,29,947,62,0,0,5,1740
0,29,947,62,0,0,5,1740
0,29,946,62,0,0,5,1740
0,29,946,62,0,0,5,1739
0,29,946,62,0,0,7,1739
0,29,945,62,0,0,7,1740
0,29,947,62,0,0,5,1739
0,29,947,62,0,0,7,1739
0,29,947,62,0,0,5,1739
0,29,947,62,0,0,4,1737
0,29,947,62,0,0,5,1737
0,29,947,62,0,0,4,1738
0,29,947,62,0,0,5,1738
0,29,947,62,0,0,7,1739
0,29,947,62,0,0,7,1732
0,29,948,62,0,0,15,1732
0,29,947,62,0,0,15,1732
0,29,952,62,0,0,6,1735
0,29,952,62,0,0,5,1737
0,29,950,62,0,0,5,1737
0,29,950,62,0,0,4,1737
0,29,950,62,0,0,4,1735
0,29,950,62,0,0,9,1735
0,29,950,62,0,0,4,1737
0,29,950,62,0,0,4,1736
0,29,950,62,0,0,7,1735
0,29,951,62,0,0,7,1734
0,29,953,62,0,0,4,1734
0,29,953,62,0,0,6,1734
0,29,952,62,0,0,6,1734
0,29,952,62,0,0,5,1735
0,29,952,62,0,0,6,1735
0,29,952,62,0,0,5,1736
0,29,952,62,0,0,5,1736
0,29,951,62,0,0,4,1735
0,29,951,62,0,0,4,1734
0,29,950,62,0,0,4,1733
0,29,950,62,0,0,5,1733
0,29,949,62,0,0,5,1734
0,29,948,62,0,0,7,1734
0,29,948,62,0,0,6,1735
0,29,949,62,0,0,4,1736
0,29,949,62,0,0,4,1736
0,29,949,62,0,0,4,1736
0,29,949,62,0,0,4,1736
0,29,949,62,0,0,4,1736
0,29,949,62,0,0,4,1736
0,29,949,62,0,0,4,1736
0,29,948,62,0,0,4,1736
0,29,948,62,0,0,4,1736
0,29,949,62,0,0,4,1735
0,29,949,62,0,0,4,1735
0,29,949,62,0,0,5,1735
0,29,950,62,0,0,4,1735
0,29,950,62,0,0,6,1735
0,29,952,62,0,0,4,1735
0,29,952,62,0,0,4,1735
0,29,951,62,0,0,4,1735
0,29,951,62,0,0,6,1735
0,29,951,62,0,0,4,1736
0,29,951,62,0,0,5,1735
0,29,951,62,0,0,4,1735
0,29,951,62,0,0,4,1735
0,29,951,62,0,0,4,1735
0,29,950,62,0,0,4,1734
0,29,950,62,0,0,4,1734
0,29,949,62,0,0,4,1734
0,29,948,62,0,0,4,1734
0,29,948,62,0,0,4,1734
0,29,948,62,0,0,4,1733
0,29,948,62,0,0,7,1733
0,29,948,62,0,0,4,1734
0,29,948,62,0,0,4,1733
0,29,945,62,0,0,6,1733
0,29,946,62,0,0,4,1733
0,29,945,62,0,0,4,1733
0,29,945,62,0,0,8,1733
0,29,945,62,0,0,8,1733
0,29,947,62,0,0,4,1733
0,29,946,62,0,0,5,1733
0,29,946,62,0,0,5,1732
0,29,946,62,0,0,4,1732
0,29,941,62,0,0,4,1731
0,29,941,62,0,0,7,1729
0,29,941,62,0,0,7,1731
0,29,940,62,0,0,7,1730
0,29,941,62,0,0,5,1731
0,29,938,62,0,0,4,1732
0,29,937,62,0,0,7,1731
0,29,939,62,0,0,5,1731
0,29,937,62,0,0,4,1732
0,29,936,62,0,0,5,1732
0,29,937,62,0,0,5,1732
0,29,937,62,0,0,4,1733
0,29,937,62,0,0,12,1733
0,29,942,62,0,0,4,1736
0,29,941,62,0,0,9,1736
0,29,943,62,0,0,4,1738
0,29,943,62,0,0,4,1738
0,29,942,62,0,0,4,1738
0,29,942,62,0,0,13,1737
0,29,941,62,0,0,14,1737
0,29,943,62,0,0,5,1739
0,29,943,62,0,0,10,1739
0,29,943,62,0,0,10,1737
0,29,943,62,0,0,5,1738
0,29,943,62,0,0,5,1738
0,29,943,62,0,0,5,1738
0,29,943,62,0,0,7,1739
0,29,942,62,0,0,7,1739
0,29,944,62,0,0,4,1739
0,29,943,62,0,0,4,1738
0,29,943,62,0,0,7,1738
0,29,944,62,0,0,4,1739
0,29,944,62,0,0,4,1738
0,29,944,62,0,0,6,1738
0,29,946,62,0,0,4,1737
0,29,946,62,0,0,4,1737
0,29,946,62,0,0,6,1737
0,29,948,62,0,0,4,1737
0,29,948,62,0,0,4,1737
0,29,946,62,0,0,7,1737
0,29,947,62,0,0,4,1738
0,29,947,62,0,0,4,1738
0,29,946,62,0,0,4,1737
0,29,946,62,0,0,4,1737
0,29,946,62,0,0,7,1737
0,29,948,62,0,0,4,1737
0,29,947,62,0,0,4,1737
0,29,947,62,0,0,4,1737
0,29,947,62,0,0,4,1737
0,29,947,62,0,0,4,1737
0,29,947,62,0,0,7,1737
0,29,947,62,0,0,7,1736
0,29,948,62,0,0,4,1736
0,29,947,62,0,0,4,1736
0,29,947,62,0,0,8,1736
0,29,948,62,0,0,4,1737
0,29,948,62,0,0,4,1736
0,29,948,62,0,0,6,1735
0,29,949,62,0,0,4,1735
0,29,949,62,0,0,4,1735
0,29,949,62,0,0,7,1735
0,29,949,62,0,0,7,1735
0,29,951,62,0,0,4,1736
0,29,948,62,0,0,4,1736
0,29,947,62,0,0,7,1736
0,29,947,62,0,0,4,1737
0,29,945,62,0,0,9,1737
0,29,947,62,0,0,4,1738
0,29,947,62,0,0,4,1738
0,29,947,62,0,0,4,1737
0,29,947,62,0,0,10,1737
0,29,950,62,0,0,4,1738
0,29,949,62,0,0,5,1738
0,29,950,62,0,0,4,1738
0,29,950,62,0,0,4,1738
0,29,950,62,0,0,7,1738
0,29,950,62,0,0,4,1739
0,29,950,62,0,0,4,1739
0,29,950,62,0,0,9,1738
0,29,951,62,0,0,4,1739
0,29,951,62,0,0,8,1739
0,29,952,62,0,0,4,1741
0,29,952,62,0,0,6,1741
0,29,952,62,0,0,6,1741
0,29,953,62,0,0,9,1741
0,29,956,62,0,0,4,1741
0,29,954,62,0,0,4,1740
0,29,953,62,0,0,4,1740
0,29,953,62,0,0,9,1740
0,29,954,62,0,0,4,1741
0,29,954,62,0,0,13,1741
0,29,955,62,0,0,4,1743
0,29,955,62,0,0,5,1742
0,29,954,62,0,0,7,1741
0,29,954,62,0,0,4,1740
0,29,954,62,0,0,8,1740
0,29,954,62,0,0,8,1740
0,29,955,62,0,0,4,1741
0,29,955,62,0,0,4,1741
0,29,955,62,0,0,9,1741
0,29,958,62,0,0,4,1741
0,29,957,62,0,0,4,1741
0,29,957,62,0,0,8,1741
0,29,957,62,0,0,8,1741
0,29,961,62,0,0,5,1741
0,29,962,62,0,0,4,1740
0,29,962,62,0,0,4,1740
0,29,962,62,0,0,5,1740
0,29,962,62,0,0,5,1740
0,29,962,62,0,0,4,1741
0,29,962,62,0,0,6,1741
0,29,962,62,0,0,6,1740
0,29,961,62,0,0,4,1740
0,29,961,62,0,0,6,1740
0,29,961,62,0,0,6,1740
0,29,962,62,0,0,4,1740
0,29,961,62,0,0,4,1740
0,29,961,62,0,0,4,1740
0,29,961,62,0,0,4,1740
0,29,961,62,0,0,5,1740
0,29,961,62,0,0,5,1740
0,29,960,62,0,0,4,1740
0,29,958,62,0,0,4,1741
0,29,958,62,0,0,6,1740
0,29,958,62,0,0,4,1742
0,29,956,62,0,0,4,1741
0,29,955,62,0,0,6,1741
0,29,956,62,0,0,4,1742
0,29,956,62,0,0,4,1742
0,29,956,62,0,0,8,1742
0,29,956,62,0,0,8,1742
0,29,956,62,0,0,6,1744
0,29,956,62,0,0,6,1744
0,29,956,62,0,0,4,1745
0,29,956,62,0,0,4,1745
0,29,955,62,0,0,7,1745
0,29,956,62,0,0,6,1745
0,29,955,62,0,0,4,1747
0,29,955,62,0,0,5,1747
0,29,955,62,0,0,5,1747
0,29,954,62,0,0,4,1747
0,29,955,62,0,0,6,1746
0,29,955,62,0,0,4,1747
0,29,953,62,0,0,4,1748
0,29,953,62,0,0,6,1744
0,29,953,62,0,0,6,1744
0,29,954,62,0,0,4,1743
0,29,954,62,0,0,7,1743
0,29,954,62,0,0,7,1743
0,29,954,62,0,0,4,1743
0,29,954,62,0,0,4,1743
0,29,954,62,0,0,6,1743
0,29,954,62,0,0,4,1744
0,29,952,62,0,0,8,1743
0,29,954,62,0,0,4,1744
0,29,954,62,0,0,4,1744
0,29,954,62,0,0,9,1744
0,29,953,62,0,0,9,1743
0,29,954,62,0,0,4,1744
0,29,953,63,0,0,4,1743
0,29,953,63,0,0,10,1743
0,29,952,63,0,0,4,1743
0,29,951,63,0,0,11,1743
0,29,949,63,0,0,5,1745
0,29,951,63,0,0,4,1744
0,29,950,63,0,0,9,1743
0,29,950,63,0,0,9,1743
0,29,951,63,0,0,4,1745
0,29,951,63,0,0,4,1745
0,29,951,63,0,0,8,1745
0,29,953,63,0,0,4,1746
0,29,953,63,0,0,8,1746
0,29,953,63,0,0,8,1746
0,29,954,63,0,0,4,1746
0,29,954,63,0,0,5,1746
0,29,954,63,0,0,4,1746
0,29,954,63,0,0,4,1746
0,29,954,63,0,0,6,1746
0,29,955,62,0,0,4,1747
0,29,955,62,0,0,4,1747
0,29,955,62,0,0,6,1747
0,29,957,62,0,0,4,1747
0,29,956,62,0,0,4,1747
0,29,955,62,0,0,8,1747
0,29,956,62,0,0,4,1747
0,29,956,62,0,0,5,1747
0,29,956,62,0,0,5,1747
0,29,957,62,0,0,4,1747
0,29,957,62,0,0,7,1746
0,29,958,62,0,0,4,1746
0,29,958,62,0,0,4,1745
0,29,958,62,0,0,4,1745
0,29,958,62,0,0,4,1745
0,29,957,62,0,0,4,1745
0,29,957,62,0,0,5,1745
0,29,957,62,0,0,5,1745
0,29,957,62,0,0,4,1745
0,29,956,62,0,0,4,1745
0,29,956,62,0,0,5,1745
0,29,956,62,0,0,5,1745
0,29,957,62,0,0,4,1744
0,29,957,62,0,0,4,1743
0,29,957,62,0,0,9,1743
0,29,959,62,0,0,7,1744
0,29,959,62,0,0,7,1744
0,29,960,62,0,0,4,1744
0,29,960,62,0,0,5,1744
0,29,960,62,0,0,5,1744
0,29,960,62,0,0,4,1740
0,29,959,62,0,0,4,1740
0,29,959,62,0,0,8,1740
0,29,960,62,0,0,4,1741
0,29,960,62,0,0,4,1741
0,29,960,62,0,0,5,1741
0,29,961,62,0,0,4,1741
0,29,961,62,0,0,4,1741
0,29,959,62,0,0,6,1741
0,29,959,62,0,0,6,1739
0,29,960,62,0,0,5,1739
0,29,961,62,0,0,5,1739
0,29,961,62,0,0,5,1739
0,29,961,62,0,0,4,1739
0,29,961,62,0,0,4,1739
0,29,961,62,0,0,7,1739
0,29,960,62,0,0,9,1738
0,29,959,62,0,0,4,1740
0,29,959,62,0,0,4,1740
0,29,959,62,0,0,4,1740
0,29,959,62,0,0,8,1740
0,29,959,62,0,0,8,1740
0,29,962,62,0,0,4,1741
0,29,962,62,0,0,10,1740
0,29,962,62,0,0,10,1739
0,29,965,62,0,0,4,1739
0,29,965,62,0,0,12,1739
0,29,965,62,0,0,12,1739
0,29,967,62,0,0,9,1739
0,29,967,62,0,0,4,1738
0,29,966,62,0,0,4,1738
0,29,966,62,0,0,9,1738
0,29,966,62,0,0,9,1738
0,29,965,62,0,0,6,1740
0,29,965,62,0,0,4,1740
0,29,965,62,0,0,4,1740
0,29,965,62,0,0,7,1740
0,29,967,62,0,0,4,1741
0,29,967,62,0,0,4,1741
0,29,967,62,0,0,4,1741
0,29,967,62,0,0,7,1741
0,29,969,62,0,0,4,1741
0,29,969,62,0,0,4,1741
0,29,969,62,0,0,4,1741
0,29,969,62,0,0,4,1741
0,29,968,62,0,0,4,1742
0,29,968,62,0,0,6,1741
0,29,967,62,0,0,4,1742
0,29,966,62,0,0,4,1742
0,29,966,62,0,0,5,1742
0,29,966,62,0,0,5,1741
0,29,967,62,0,0,6,1741
0,29,968,62,0,0,5,1742
0,29,969,62,0,0,4,1742
0,29,968,62,0,0,4,1742
0,29,968,62,0,0,4,1742
0,29,968,62,0,0,4,1742
0,29,968,62,0,0,5,1742
0,29,968,62,0,0,5,1742
0,29,968,62,0,0,4,1742
0,29,968,62,0,0,4,1742
0,29,968,62,0,0,4,1742
0,29,968,62,0,0,4,1742
0,29,968,62,0,0,7,1742
0,29,968,62,0,0,7,1742
0,29,969,62,0,0,4,1742
0,29,969,62,0,0,5,1742
0,29,970,62,0,0,4,1742
0,29,970,62,0,0,4,1742
0,29,969,62,0,0,5,1742
0,29,970,62,0,0,4,1742
0,29,969,62,0,0,4,1742
0,29,969,62,0,0,4,1742
0,29,968,62,0,0,4,1743
0,29,968,62,0,0,7,1741
0,29,969,62,0,0,6,1741
0,29,969,62,0,0,6,1741
0,29,969,62,0,0,6,1741
0,29,969,62,0,0,4,1743
0,29,967,62,0,0,5,1743
0,29,967,62,0,0,5,1743
0,29,966,62,0,0,3,1743
0,29,966,62,0,0,5,1743
0,29,966,62,0,0,5,1743
0,29,967,62,0,0,3,1743
0,29,967,62,0,0,3,1743
0,29,965,62,0,0,4,1740
0,29,963,62,0,0,4,1740
0,29,964,62,0,0,10,1740
0,29,964,62,0,0,10,1740
0,29,965,62,0,0,5,1742
0,29,966,62,0,0,3,1742
0,29,966,62,0,0,3,1741
0,29,965,62,0,0,5,1741
0,29,963,62,0,0,3,1742
0,29,963,62,0,0,3,1741
0,29,963,62,0,0,3,1741
0,29,963,62,0,0,6,1741
0,29,963,62,0,0,6,1741
0,29,964,62,0,0,3,1742
0,29,964,62,0,0,9,1742
0,29,963,62,0,0,9,1742
0,29,965,62,0,0,3,1744
0,29,965,62,0,0,7,1744
0,29,966,62,0,0,3,1745
0,29,966,62,0,0,3,1745
0,29,966,62,0,0,6,1745
0,29,967,62,0,0,3,1747
0,29,965,62,0,0,3,1746
0,29,965,62,0,0,4,1746
0,29,965,62,0,0,3,1746
0,29,965,62,0,0,4,1746
0,29,965,62,0,0,4,1746
0,29,965,62,0,0,4,1747
0,29,966,62,0,0,3,1747
0,29,966,62,0,0,3,1747
0,29,966,62,0,0,3,1747
0,29,966,62,0,0,3,1747
0,29,965,62,0,0,3,1747
0,29,965,62,0,0,3,1747
0,29,965,62,0,0,3,1747
0,29,965,62,0,0,4,1747
0,29,965,62,0,0,4,1747
0,29,965,62,0,0,4,1747
0,29,966,62,0,0,3,1747
0,29,965,62,0,0,3,1747
0,29,965,62,0,0,3,1747
0,29,965,62,0,0,3,1747
0,29,965,62,0,0,3,1747
0,29,965,62,0,0,3,1747
0,29,963,62,0,0,3,1747
0,29,963,62,0,0,3,1747
0,29,963,62,0,0,3,1748
0,29,963,62,0,0,3,1748
0,29,963,62,0,0,3,1748
0,29,963,62,0,0,3,1747
0,29,963,62,0,0,4,1747
0,29,963,62,0,0,3,1747
0,29,963,62,0,0,4,1747
0,29,963,62,0,0,4,1748
0,29,963,62,0,0,5,1748
0,29,963,62,0,0,3,1748
0,29,963,62,0,0,3,1748
0,29,963,62,0,0,3,1748
0,29,962,62,0,0,3,1748
0,29,962,62,0,0,4,1748
0,29,962,62,0,0,4,1748
0,29,962,62,0,0,3,1746
0,29,962,62,0,0,3,1746
0,29,962,62,0,0,3,1746
0,29,962,62,0,0,3,1746
0,29,962,62,0,0,5,1746
0,29,962,62,0,0,5,1746
0,29,962,62,0,0,6,1746
0,29,964,62,0,0,3,1746
0,29,962,62,0,0,3,1746
0,29,962,62,0,0,3,1746
0,29,962,62,0,0,6,1746
0,29,963,62,0,0,3,1746
0,29,962,62,0,0,5,1746
0,29,963,62,0,0,3,1746
0,29,962,62,0,0,3,1746
0,29,962,62,0,0,3,1746
0,29,961,62,0,0,8,1746
0,29,963,62,0,0,3,1747
0,29,963,62,0,0,4,1746
0,29,962,62,0,0,10,1745
0,29,962,62,0,0,3,1745
0,29,962,62,0,0,6,1745
0,29,963,62,0,0,3,1744
0,29,963,62,0,0,3,1744
0,29,963,62,0,0,3,1744
0,29,963,62,0,0,7,1744
0,29,963,62,0,0,7,1744
0,29,965,62,0,0,4,1744
0,29,965,62,0,0,4,1744
0,29,965,62,0,0,3,1744
0,29,965,62,0,0,3,1744
0,29,965,62,0,0,4,1744
0,29,965,62,0,0,3,1745
0,29,965,62,0,0,3,1745
0,29,964,62,0,0,3,1745
0,29,964,62,0,0,3,1745
0,29,964,62,0,0,3,1745
0,29,964,62,0,0,3,1745
0,29,964,62,0,0,3,1745
0,29,964,62,0,0,3,1745
0,29,964,62,0,0,5,1745
0,29,965,62,0,0,3,1745
0,29,965,62,0,0,3,1745
0,29,965,62,0,0,4,1745
0,29,966,62,0,0,3,1745
0,29,966,62,0,0,3,1745
0,29,966,62,0,0,3,1745
0,29,966,62,0,0,3,1745
0,29,966,62,0,0,3,1745
0,29,966,62,0,0,3,1745
0,29,966,62,0,0,3,1745
0,29,966,62,0,0,3,1745
0,29,966,62,0,0,4,1745
0,29,966,62,0,0,3,1746
0,29,966,62,0,0,4,1745
0,29,967,62,0,0,3,1745
0,29,967,62,0,0,3,1745
0,29,967,62,0,0,6,1745
0,29,967,62,0,0,6,1745
0,29,968,62,0,0,3,1746
0,29,968,62,0,0,3,1746
0,29,967,62,0,0,3,1746
0,29,967,62,0,0,3,1746
0,29,967,62,0,0,4,1746
0,29,968,62,0,0,3,1746
0,29,968,62,0,0,3,1746
0,29,968,62,0,0,3,1746
0,29,968,62,0,0,4,1746
0,29,969,62,0,0,4,1746
0,29,969,62,0,0,4,1746
0,29,970,62,0,0,4,1746
0,29,970,62,0,0,3,1745
0,29,969,62,0,0,4,1745
0,29,969,62,0,0,4,1745
0,29,969,62,0,0,3,1745
0,29,969,62,0,0,4,1745
0,29,969,62,0,0,4,1745
0,29,969,62,0,0,3,1745
0,29,969,62,0,0,3,1745
0,29,969,62,0,0,5,1745
0,29,970,62,0,0,4,1745
0,29,970,62,0,0,4,1745
0,29,970,62,0,0,6,1746
0,29,970,62,0,0,6,1746
0,29,971,62,0,0,7,1746
0,29,975,62,0,0,3,1746
0,29,975,62,0,0,3,1746
0,29,974,62,0,0,3,1746
0,29,974,62,0,0,6,1746
0,29,976,62,0,0,3,1745
0,29,974,62,0,0,3,1745
0,29,973,62,0,0,7,1745
0,29,975,62,0,0,3,1746
0,29,975,62,0,0,3,1746
0,29,975,62,0,0,10,1746
0,29,977,62,0,0,3,1749
0,29,977,62,0,0,14,1749
0,29,982,62,0,0,3,1754
0,29,982,62,0,0,5,1754
0,29,982,62,0,0,5,1754
0,29,983,62,0,0,6,1755
0,29,982,62,0,0,6,1754
0,29,985,62,0,0,4,1754
0,29,985,62,0,0,4,1754
0,29,985,62,0,0,3,1754
0,29,985,62,0,0,3,1754
0,29,984,62,0,0,6,1753
0,29,984,62,0,0,3,1753
0,29,984,62,0,0,3,1753
0,29,984,62,0,0,4,1753
0,29,984,62,0,0,3,1754
0,29,984,62,0,0,3,1754
0,29,984,62,0,0,7,1754
0,29,984,62,0,0,7,1754
0,29,985,62,0,0,3,1755
0,29,985,62,0,0,3,1755
0,29,985,62,0,0,3,1755
0,29,985,62,0,0,3,1755
0,29,985,62,0,0,4,1754
0,29,986,62,0,0,3,1753
0,29,986,62,0,0,3,1753
0,29,986,62,0,0,3,1753
0,29,986,62,0,0,3,1753
0,29,986,62,0,0,3,1753
0,29,985,62,0,0,3,1753
0,29,985,62,0,0,3,1753
0,29,985,62,0,0,3,1753
0,29,983,62,0,0,3,1754
0,29,983,62,0,0,3,1754
0,29,983,62,0,0,3,1754
0,29,983,62,0,0,3,1754
0,29,983,62,0,0,3,1754
0,29,983,62,0,0,3,1754
0,29,983,62,0,0,3,1754
0,29,983,62,0,0,3,1754
0,29,983,62,0,0,3,1752
0,29,983,62,0,0,3,1752
0,29,983,62,0,0,3,1752
0,29,983,62,0,0,3,1752
0,29,977,62,0,0,3,1753
0,29,977,62,0,0,3,1753
0,29,977,62,0,0,10,1751
0,29,981,62,0,0,3,1752
0,29,981,62,0,0,3,1752
0,29,979,62,0,0,3,1752
0,29,979,62,0,0,3,1752
0,29,979,62,0,0,3,1752
0,29,978,62,0,0,3,1752
0,29,978,62,0,0,3,1752
0,29,978,62,0,0,3,1752
0,29,977,62,0,0,3,1752
0,29,977,62,0,0,3,1752
0,29,977,62,0,0,3,1751
0,29,977,62,0,0,3,1749
0,29,976,62,0,0,3,1749
0,29,976,62,0,0,13,1749
0,29,976,62,0,0,13,1749
0,29,980,62,0,0,12,1752
0,29,978,62,0,0,12,1751
0,29,978,62,0,0,5,1751
0,29,978,62,0,0,4,1751
0,29,977,62,0,0,4,1751
0,29,977,62,0,0,3,1752
0,29,977,62,0,0,6,1752
0,29,979,62,0,0,3,1751
0,29,978,62,0,0,3,1750
0,29,976,62,0,0,11,1750
0,29,976,62,0,0,11,1750
0,29,981,62,0,0,3,1751
0,29,981,62,0,0,8,1751
0,29,981,62,0,0,3,1751
0,29,981,62,0,0,3,1751
0,29,979,62,0,0,6,1751
0,29,979,62,0,0,6,1751
0,29,979,62,0,0,9,1752
0,29,978,62,0,0,9,1752
0,29,980,62,0,0,4,1752
0,29,980,62,0,0,4,1752
0,29,979,62,0,0,7,1752
0,29,980,62,0,0,4,1754
0,29,980,62,0,0,4,1753
0,29,980,62,0,0,5,1753
0,29,981,62,0,0,4,1753
0,29,981,62,0,0,4,1753
0,29,980,62,0,0,5,1753
0,29,981,62,0,0,4,1753
0,29,981,62,0,0,4,1753
0,29,981,62,0,0,6,1753
0,29,982,62,0,0,4,1753
0,29,982,62,0,0,4,1753
0,29,982,62,0,0,5,1753
0,29,982,62,0,0,5,1753
0,29,983,62,0,0,4,1753
0,29,983,62,0,0,4,1753
0,29,983,62,0,0,4,1753
0,29,983,62,0,0,7,1753
0,29,985,62,0,0,4,1754
0,29,985,62,0,0,4,1754
0,29,983,62,0,0,4,1754
0,29,983,62,0,0,7,1754
0,29,985,62,0,0,5,1753
0,29,984,62,0,0,4,1754
0,29,984,62,0,0,5,1754
0,29,984,64,0,0,4,1752
0,29,984,63,0,0,4,1752
0,29,984,63,0,0,5,1752
0,29,984,63,0,0,7,1752
0,29,984,63,0,0,6,1753
0,29,984,63,0,0,7,1753
0,29,984,63,0,0,7,1753
0,29,985,63,0,0,4,1755
0,29,985,63,0,0,7,1755
0,29,985,63,0,0,7,1755
0,29,986,63,0,0,4,1756
0,29,982,63,0,0,4,1754
0,29,982,63,0,0,4,1753
0,29,982,63,0,0,4,1753
0,29,982,63,0,0,4,1753
0,29,982,63,0,0,6,1753
0,29,982,63,0,0,6,1753
0,29,982,63,0,0,6,1753
0,29,982,63,0,0,6,1753
0,29,982,63,0,0,9,1753
0,29,982,63,0,0,9,1753
0,29,982,63,0,0,11,1753
0,29,982,63,0,0,11,1753
0,29,982,63,0,0,18,1753
0,29,980,63,0,0,4,1758
0,29,980,63,0,0,4,1757
0,29,980,63,0,0,10,1757
0,29,980,63,0,0,10,1757
0,29,980,63,0,0,10,1757
0,29,982,62,0,0,4,1760
0,29,981,62,0,0,10,1760
0,29,981,62,0,0,10,1760
0,29,985,62,0,0,8,1760
0,29,985,62,0,0,8,1760
0,29,985,62,0,0,11,1760
0,29,985,62,0,0,11,1760
0,29,985,62,0,0,11,1760
0,29,985,62,0,0,14,1760
0,29,985,62,0,0,14,1760
0,29,985,62,0,0,14,1760
0,29,985,62,0,0,14,1760
0,29,985,62,0,0,19,1760
0,29,985,62,0,0,9,1760
0,29,989,62,0,0,8,1756
0,29,989,62,0,0,9,1756
0,29,990,62,0,0,5,1757
0,29,989,62,0,0,6,1758
0,29,990,62,0,0,4,1758
0,29,990,62,0,0,4,1758
0,29,990,62,0,0,4,1758
0,29,990,62,0,0,4,1758
0,29,990,62,0,0,4,1758
0,29,990,62,0,0,4,1758
0,29,990,62,0,0,4,1758
0,29,990,62,0,0,20,1758
0,29,969,62,0,0,20,1747
0,29,969,62,0,0,33,1747
0,29,978,61,0,0,31,1747
0,29,985,61,0,0,18,1748
0,29,986,61,0,0,14,1753
0,29,990,61,0,0,15,1755
0,29,990,61,0,0,14,1755
0,29,990,61,0,0,14,1755
0,29,987,63,0,0,24,1753
0,29,987,63,0,0,24,1753
0,29,987,63,0,0,36,1753
0,29,987,63,0,0,46,1753
0,29,987,63,0,0,46,1753
0,29,987,63,0,0,56,1753
0,29,987,63,0,0,66,1753
0,29,987,63,0,0,66,1753
0,29,987,63,0,0,76,1753
0,29,987,63,0,0,86,1753
0,29,987,63,0,0,96,1753
0,29,999,61,0,0,14,1767
0,29,1002,61,0,0,14,1768
0,29,1002,61,0,0,25,1768
0,29,1004,61,0,0,15,1772
0,29,1006,61,0,0,8,1773
0,29,1006,61,0,0,8,1773
0,29,1006,61,0,0,16,1773
0,29,1006,61,0,0,16,1773
0,29,1006,61,0,0,19,1773
0,29,1006,61,0,0,19,1773
0,29,1006,61,0,0,19,1773
0,29,1006,61,0,0,19,1773
0,29,1006,61,0,0,19,1773
0,29,1006,61,0,0,19,1773
0,29,1006,61,0,0,21,1773
0,29,1000,63,0,0,6,1777
0,29,1000,63,0,0,8,1777
0,29,1000,63,0,0,10,1777
0,29,1000,63,0,0,10,1777
0,29,1000,63,0,0,11,1777
0,29,1000,63,0,0,11,1777
0,29,1000,63,0,0,11,1777
0,29,1000,63,0,0,13,1777
0,29,1000,63,0,0,13,1777
0,29,1000,63,0,0,13,1777
0,29,1000,63,0,0,13,1777
0,29,1000,63,0,0,13,1777
0,29,1000,61,0,0,5,1774
0,29,998,61,0,0,5,1770
0,29,998,61,0,0,8,1770
0,29,998,61,0,0,8,1770
0,29,998,61,0,0,8,1770
0,29,998,61,0,0,8,1770
0,29,998,61,0,0,8,1770
0,29,998,61,0,0,8,1770
0,29,998,61,0,0,11,1770
0,29,998,61,0,0,11,1770
0,29,998,61,0,0,11,1770
0,29,998,61,0,0,11,1770
0,29,999,61,0,0,5,1771
0,29,999,61,0,0,7,1770
0,29,997,61,0,0,5,1770
0,29,997,61,0,0,5,1770
0,29,997,61,0,0,5,1770
0,29,997,61,0,0,5,1770
0,29,997,61,0,0,12,1770
0,29,997,61,0,0,12,1770
0,29,997,61,0,0,18,1770
0,29,997,61,0,0,18,1770
0,29,997,61,0,0,18,1770
0,29,997,61,0,0,19,1770
0,29,993,61,0,0,6,1765
0,29,993,61,0,0,6,1765
0,29,993,61,0,0,6,1765
0,29,993,61,0,0,10,1765
0,29,993,61,0,0,10,1765
0,29,993,61,0,0,13,1765
0,29,993,61,0,0,13,1765
0,29,993,61,0,0,13,1765
0,29,993,61,0,0,16,1765
0,29,993,61,0,0,16,1765
0,29,993,61,0,0,16,1765
0,29,993,61,0,0,23,1765
0,29,993,61,0,0,5,1767
0,29,993,61,0,0,5,1767
0,29,993,61,0,0,9,1767
0,29,993,61,0,0,9,1767
0,29,993,61,0,0,9,1767
0,29,993,61,0,0,16,1767
0,29,993,61,0,0,16,1767
0,29,993,61,0,0,26,1767
0,29,993,61,0,0,26,1767
0,29,993,61,0,0,28,1767
0,29,993,61,0,0,33,1767
0,29,993,61,0,0,33,1767
0,29,1002,61,0,0,5,1767
0,29,1002,61,0,0,5,1767
0,29,1002,61,0,0,11,1767
0,29,1002,61,0,0,11,1767
0,29,1002,61,0,0,11,1767
0,29,1002,61,0,0,12,1767
0,29,1002,61,0,0,12,1767
0,29,1002,61,0,0,12,1767
0,29,1002,61,0,0,13,1767
0,29,1002,61,0,0,13,1767
0,29,1002,61,0,0,13,1767
0,29,1002,61,0,0,13,1767
0,29,1001,62,0,0,5,1767
0,29,1001,62,0,0,5,1767
0,29,1001,62,0,0,7,1767
0,29,1001,62,0,0,7,1767
0,29,1001,62,0,0,7,1767
0,29,1001,62,0,0,7,1767
0,29,1001,62,0,0,7,1767
0,29,1001,62,0,0,7,1767
0,29,1001,62,0,0,7,1767
0,29,1001,62,0,0,7,1767
0,29,1001,62,0,0,7,1767
0,29,1001,62,0,0,7,1767
0,29,1000,62,0,0,5,1766
0,29,1000,62,0,0,5,1766
0,29,1000,62,0,0,5,1766
0,29,1000,62,0,0,5,1766
0,29,1000,62,0,0,5,1766
0,29,1000,62,0,0,5,1766
0,29,1000,62,0,0,6,1766
0,29,1000,62,0,0,6,1766
0,29,1000,62,0,0,8,1766
0,29,1000,62,0,0,8,1766
0,29,1000,62,0,0,8,1766
0,29,1000,62,0,0,9,1766
0,29,1000,62,0,0,5,1766
0,29,1000,62,0,0,6,1766
0,29,1000,62,0,0,7,1766
0,29,1000,62,0,0,7,1766
0,29,1000,62,0,0,7,1766
0,29,1000,62,0,0,7,1766
0,29,1000,62,0,0,10,1766
0,29,1000,62,0,0,10,1766
0,29,1000,62,0,0,10,1766
0,29,1000,62,0,0,10,1766
0,29,1000,62,0,0,10,1766
0,29,1000,62,0,0,10,1766
0,29,1000,61,0,0,5,1767
0,29,1000,61,0,0,7,1767
0,29,1000,61,0,0,7,1767
0,29,1000,61,0,0,5,1767
0,29,1000,61,0,0,5,1767
0,29,1000,61,0,0,8,1767
0,29,1000,61,0,0,8,1767
0,29,1001,61,0,0,16,1767
0,29,1002,61,0,0,5,1769
0,29,1002,61,0,0,5,1769
0,29,1001,61,0,0,5,1769
0,29,1001,61,0,0,6,1769
0,29,1001,61,0,0,6,1769
0,29,1001,61,0,0,7,1769
0,29,1001,61,0,0,7,1769
0,29,1001,61,0,0,7,1769
0,29,1001,61,0,0,7,1769
0,29,1001,61,0,0,8,1769
0,29,1001,61,0,0,8,1769
0,29,1001,61,0,0,11,1769
0,29,1001,61,0,0,11,1769
0,29,1002,61,0,0,5,1769
0,29,1002,61,0,0,5,1769
0,29,1002,61,0,0,5,1769
0,29,1002,61,0,0,12,1769
0,29,1002,61,0,0,12,1769
0,29,1002,61,0,0,14,1769
0,29,1002,61,0,0,14,1769
0,29,1002,61,0,0,14,1769
0,29,1002,61,0,0,15,1769
0,29,1002,61,0,0,15,1769
0,29,1002,61,0,0,16,1769
0,29,1002,61,0,0,16,1769
0,29,1008,61,0,0,5,1769
0,29,1008,61,0,0,5,1769
0,29,1008,61,0,0,8,1769
0,29,1008,61,0,0,8,1769
0,29,1008,61,0,0,8,1769
0,29,1008,61,0,0,8,1769
0,29,1008,61,0,0,8,1769
0,29,1008,61,0,0,8,1769
0,29,1008,61,0,0,8,1769
0,29,1008,61,0,0,8,1769
0,29,1008,61,0,0,8,1769
0,29,1008,61,0,0,8,1769
0,29,1009,61,0,0,5,1770
0,29,1009,61,0,0,5,1770
0,29,1009,61,0,0,5,1770
0,29,1009,61,0,0,5,1770
0,29,1009,61,0,0,5,1770
0,29,1009,61,0,0,6,1770
0,29,1009,61,0,0,6,1770
0,29,1009,61,0,0,6,1770
0,29,1009,61,0,0,8,1770
0,29,1009,61,0,0,8,1770
0,29,1009,61,0,0,8,1770
0,29,1009,61,0,0,9,1770
0,29,1008,61,0,0,6,1770
0,29,1008,61,0,0,6,1770
0,29,1008,61,0,0,6,1770
0,29,1008,61,0,0,6,1770
0,29,1008,61,0,0,6,1770
0,29,1008,61,0,0,8,1770
0,29,1008,61,0,0,8,1770
0,29,1008,61,0,0,9,1770
0,29,1008,61,0,0,9,1770
0,29,1008,61,0,0,9,1770
0,29,1008,61,0,0,9,1770
0,29,1008,61,0,0,11,1770
0,29,1009,61,0,0,5,1768
0,29,1009,61,0,0,5,1766
0,29,1009,61,0,0,5,1766
0,29,1009,61,0,0,7,1766
0,29,1009,61,0,0,7,1766
0,29,1009,61,0,0,12,1766
0,29,1009,61,0,0,12,1766
0,29,1009,61,0,0,15,1766
0,29,1009,61,0,0,15,1766
0,29,1009,61,0,0,15,1766
0,29,1009,61,0,0,15,1766
0,29,1009,61,0,0,16,1766
0,29,1009,61,0,0,16,1766
0,29,1006,61,0,0,7,1766
0,29,1006,61,0,0,7,1766
0,29,1006,61,0,0,8,1766
0,29,1006,61,0,0,8,1766
0,29,1006,61,0,0,8,1766
0,29,1006,61,0,0,12,1766
0,29,1006,61,0,0,12,1766
0,29,1006,61,0,0,15,1766
0,29,1006,61,0,0,15,1766
0,29,1006,61,0,0,17,1766
0,29,1006,61,0,0,17,1766
0,29,1006,61,0,0,17,1766
0,29,1006,61,0,0,17,1766
0,29,1007,60,0,0,8,1766
0,29,1007,60,0,0,8,1766
0,29,1007,60,0,0,8,1766
0,29,1007,61,0,0,8,1766
0,29,1007,61,0,0,8,1766
0,29,990,63,0,0,17,1759
0,29,996,62,0,0,15,1763
0,29,996,62,0,0,15,1763
0,29,1002,62,0,0,15,1765
0,29,1002,62,0,0,25,1765
0,29,1002,62,0,0,25,1765
0,29,1002,62,0,0,35,1765
0,29,1002,62,0,0,45,1765
0,29,1002,62,0,0,45,1765
0,29,1002,62,0,0,55,1765
0,29,1002,62,0,0,65,1765
0,29,1002,62,0,0,65,1765
0,29,1002,62,0,0,73,1765
0,29,1015,62,0,0,23,1782
0,29,1015,62,0,0,28,1782
0,29,1015,62,0,0,28,1782
0,29,1015,62,0,0,28,1782
0,29,1015,62,0,0,32,1782
0,29,1015,62,0,0,32,1782
0,29,1015,62,0,0,32,1782
0,29,1015,62,0,0,32,1782
0,29,1015,62,0,0,36,1782
0,29,1015,62,0,0,36,1782
0,29,1015,62,0,0,40,1782
0,29,1015,62,0,0,40,1782
0,29,1023,62,0,0,20,1784
0,29,1023,62,0,0,20,1784
0,29,1023,62,0,0,29,1784
0,29,1023,62,0,0,29,1784
0,29,1023,62,0,0,29,1784
0,29,1023,62,0,0,32,1784
0,29,1023,62,0,0,32,1784
0,29,1023,62,0,0,35,1784
0,29,1023,62,0,0,35,1784
0,29,1023,62,0,0,35,1784
0,29,1023,62,0,0,35,1784
0,29,1023,62,0,0,40,1784
0,29,1023,62,0,0,40,1784
0,29,1023,62,0,0,40,1784
0,29,1023,62,0,0,43,1784
0,29,1023,62,0,0,43,1784
0,29,1023,62,0,0,43,1784
0,29,1023,62,0,0,43,1784
0,29,1023,62,0,0,50,1784
0,29,1023,62,0,0,51,1784
0,29,1023,62,0,0,51,1784
0,29,1023,62,0,0,51,1784
0,29,1023,62,0,0,51,1784
0,29,1023,62,0,0,54,1785
0,29,1023,62,0,0,56,1785
0,29,1023,62,0,0,56,1785
0,29,1023,62,0,0,60,1785
0,29,1023,62,0,0,60,1785
0,29,1023,62,0,0,60,1785
0,29,1023,62,0,0,67,1785
0,29,1023,62,0,0,72,1785
0,29,1023,62,0,0,72,1785
0,29,1023,62,0,0,79,1785
0,29,1023,62,0,0,79,1785
0,29,1023,62,0,0,79,1785
0,29,1023,62,0,0,82,1785
0,29,1021,64,0,0,68,1781
0,29,1021,64,0,0,75,1781
0,29,1021,64,0,0,75,1781
0,29,1021,64,0,0,75,1781
0,29,1021,64,0,0,75,1781
0,29,1021,62,0,0,77,1781
0,29,1021,62,0,0,77,1781
0,29,1021,62,0,0,77,1781
0,29,1021,62,0,0,78,1781
0,29,1021,62,0,0,78,1781
0,29,1021,62,0,0,78,1781
0,29,1021,62,0,0,83,1781
0,29,1021,62,0,0,83,1781
0,29,1021,62,0,0,83,1781
0,29,1021,62,0,0,87,1781
0,29,1021,62,0,0,87,1781
0,29,1021,62,0,0,87,1781
0,29,1021,62,0,0,87,1781
0,29,1021,62,0,0,87,1781
0,29,1021,62,0,0,87,1781
0,29,1021,62,0,0,87,1781
0,29,1021,62,0,0,87,1781
0,29,1021,62,0,0,87,1781
0,29,1021,62,0,0,89,1781
0,29,1021,62,0,0,89,1781
0,29,1021,62,0,0,89,1781
0,29,1021,62,0,0,91,1781
0,29,1021,62,0,0,91,1781
0,29,1021,62,0,0,96,1781
0,29,1021,62,0,0,96,1781
0,29,1021,62,0,0,96,1781
0,29,1021,62,0,0,96,1781
0,29,1021,62,0,0,97,1781
0,29,1021,62,0,0,97,1781
0,29,1021,62,0,0,97,1781
0,29,1021,62,0,0,101,1781
0,29,1021,62,0,0,101,1781
0,29,1021,62,0,0,101,1781
0,29,1021,62,0,0,101,1782
0,29,1021,62,0,0,101,1782
0,29,1021,62,0,0,103,1782
0,29,1021,62,0,0,103,1782
0,29,1021,62,0,0,103,1782
0,29,1021,62,0,0,103,1782
0,29,1021,62,0,0,103,1782
0,29,1021,62,0,0,103,1782
0,29,1021,62,0,0,103,1782
0,29,1021,62,0,0,103,1782
0,29,1021,62,0,0,103,1782
0,29,1021,62,0,0,103,1782
0,29,1021,62,0,0,103,1782
0,29,1021,62,0,0,103,1782
0,29,1021,62,0,0,103,1782
0,29,1021,62,0,0,103,1782
0,29,1021,62,0,0,103,1782
0,29,1021,62,0,0,103,1782
0,29,1021,62,0,0,103,1782
0,29,1021,62,0,0,103,1782
0,29,1021,62,0,0,103,1782
0,29,1021,62,0,0,103,1782
0,29,1021,62,0,0,103,1782
0,29,1021,62,0,0,103,1782
0,29,1021,62,0,0,115,1782
0,29,1021,62,0,0,125,1782
0,29,1021,62,0,0,125,1782
0,29,1021,62,0,0,135,1782
0,29,1021,62,0,0,137,1782
0,29,1021,62,0,0,137,1782
0,29,1021,62,0,0,147,1782
0,29,1021,62,0,0,147,1782
0,29,1021,62,0,0,153,1782
0,29,1021,62,0,0,153,1782
0,29,1021,62,0,0,153,1782
0,29,1021,62,0,0,153,1782
0,29,1021,62,0,0,157,1782
0,29,1021,62,0,0,157,1782
0,29,1021,62,0,0,157,1782
0,29,1021,62,0,0,158,1782
0,29,1021,62,0,0,158,1782
0,29,1021,62,0,0,158,1782
0,29,1021,62,0,0,163,1782
0,29,1021,62,0,0,163,1782
0,29,1021,62,0,0,163,1782
0,29,1021,62,0,0,168,1782
0,29,1021,62,0,0,168,1782
0,29,1021,62,0,0,168,1782
0,29,1021,62,0,0,168,1782
0,29,1021,62,0,0,168,1782
0,29,1021,62,0,0,168,1782
0,29,1021,62,0,0,169,1782
0,29,1021,62,0,0,169,1782
0,29,1021,62,0,0,170,1782
0,29,1021,62,0,0,170,1782
0,29,1021,62,0,0,170,1782
0,29,1021,62,0,0,173,1782
0,29,1021,62,0,0,173,1782
0,29,1021,62,0,0,173,1782
0,29,1021,62,0,0,173,1782
0,29,1021,62,0,0,173,1782
0,29,1021,62,0,0,173,1782
0,29,1021,62,0,0,173,1782
0,29,1021,62,0,0,175,1782
0,29,1021,62,0,0,175,1782
0,29,1021,62,0,0,177,1782
0,29,1021,62,0,0,177,1782
0,29,1021,62,0,0,177,1782
0,29,1021,62,0,0,177,1782
0,29,1021,62,0,0,177,1782
0,29,1021,62,0,0,177,1782
0,29,1021,62,0,0,177,1782
0,29,1021,62,0,0,180,1782
0,29,1021,62,0,0,180,1782
0,29,1021,62,0,0,180,1782
0,29,1021,62,0,0,180,1782
0,29,1021,62,0,0,180,1782
0,29,1021,62,0,0,180,1782
0,29,1021,62,0,0,180,1782
0,29,1021,62,0,0,180,1782
0,29,1021,62,0,0,180,1782
0,29,1021,62,0,0,180,1782
0,29,1021,62,0,0,180,1782
0,29,1021,62,0,0,180,1782
0,29,1021,62,0,0,180,1782
0,29,1021,62,0,0,190,1782
0,29,1021,62,0,0,190,1782
0,29,1021,62,0,0,197,1782
0,29,1021,62,0,0,197,1782
0,29,1021,62,0,0,197,1782
0,29,1021,62,0,0,197,1782
0,29,1021,62,0,0,205,1782
0,29,1021,62,0,0,205,1782
0,29,1021,62,0,0,205,1782
0,29,1021,62,0,0,211,1782
0,29,1021,62,0,0,211,1782
0,29,1021,62,0,0,218,1782
0,29,1021,62,0,0,218,1782
0,29,1021,62,0,0,218,1782
0,29,1021,62,0,0,218,1782
0,29,1021,62,0,0,225,1782
0,29,1021,62,0,0,225,1782
0,29,1021,62,0,0,225,1782
0,29,1021,62,0,0,225,1782
0,29,1021,62,0,0,225,1782
0,29,1021,62,0,0,225,1782
0,29,1021,62,0,0,235,1782
0,29,1021,62,0,0,235,1782
0,29,1021,62,0,0,241,1782
0,29,1021,62,0,0,241,1782
0,29,1021,62,0,0,241,1782
0,29,1021,62,0,0,244,1782
0,29,1021,62,0,0,244,1782
0,29,1021,62,0,0,244,1782
0,29,1021,62,0,0,244,1782
0,29,1021,62,0,0,244,1782
0,29,1021,62,0,0,249,1782
0,29,1021,62,0,0,249,1782
0,29,1020,63,0,0,135,1780
0,29,1015,65,0,0,75,1780
0,29,1019,63,0,0,38,1782
0,29,1018,62,0,0,20,1785
0,29,1018,62,0,0,21,1783
0,29,1022,62,0,0,7,1789
0,29,1022,62,0,0,6,1789
0,29,1021,62,0,0,9,1790
0,29,1020,62,0,0,8,1789
0,29,1020,62,0,0,7,1789
0,29,1020,62,0,0,7,1788
0,29,1022,62,0,0,9,1788
0,29,1020,62,0,0,7,1790
0,29,1021,62,0,0,6,1790
0,29,1020,62,0,0,6,1790
0,29,1020,62,0,0,6,1790
0,29,1018,62,0,0,6,1790
0,29,1017,62,0,0,7,1791
0,29,1017,63,0,0,7,1789
0,29,1017,62,0,0,7,1789
0,29,1017,61,0,0,9,1790
0,29,1017,61,0,0,6,1787
0,29,1016,61,0,0,11,1787
0,29,1017,61,0,0,9,1788
0,29,1017,61,0,0,6,1789
0,29,1017,61,0,0,6,1788
0,29,1016,61,0,0,5,1788
0,29,1014,61,0,0,5,1788
0,29,1012,61,0,0,5,1788
0,29,1009,61,0,0,5,1786
0,29,1009,61,0,0,9,1786
0,29,1008,61,0,0,8,1786
0,29,1007,61,0,0,10,1786
0,29,1007,61,0,0,9,1787
0,29,1007,61,0,0,6,1788
0,29,1007,61,0,0,9,1790
0,29,1007,61,0,0,6,1788
0,29,1007,61,0,0,5,1787
0,29,1007,61,0,0,15,1787
0,29,1009,61,0,0,10,1788
0,29,1011,61,0,0,9,1788
0,29,1010,61,0,0,8,1789
0,29,1010,61,0,0,6,1790
0,29,1010,61,0,0,5,1791
0,29,1010,61,0,0,6,1789
0,29,1011,61,0,0,6,1788
0,29,1011,61,0,0,6,1788
0,29,1008,61,0,0,5,1789
0,29,1009,61,0,0,5,1788
0,29,1007,61,0,0,6,1785
0,29,1007,61,0,0,5,1785
0,29,1007,61,0,0,5,1785
0,29,1006,61,0,0,5,1785
0,29,1006,61,0,0,11,1785
0,29,1007,61,0,0,6,1788
0,29,1007,61,0,0,5,1788
0,29,1007,61,0,0,5,1787
0,29,1007,61,0,0,13,1786
0,29,1010,61,0,0,6,1786
0,29,1010,61,0,0,5,1786
0,29,1010,61,0,0,6,1786
0,29,1011,61,0,0,5,1786
0,29,1011,61,0,0,11,1786
0,29,1014,61,0,0,6,1787
0,29,1014,61,0,0,5,1787
0,29,1014,61,0,0,6,1787
0,29,1013,61,0,0,6,1787
0,29,1013,61,0,0,6,1787
0,29,1013,61,0,0,8,1788
0,29,1014,61,0,0,7,1788
0,29,1015,61,0,0,6,1788
0,29,1015,61,0,0,5,1788
0,29,1015,61,0,0,7,1788
0,29,1015,61,0,0,7,1788
0,29,1016,61,0,0,5,1788
0,29,1016,61,0,0,5,1788
0,29,1017,61,0,0,5,1788
0,29,1017,61,0,0,5,1787
0,29,1017,61,0,0,5,1787
0,29,1017,61,0,0,5,1787
0,29,1017,61,0,0,5,1787
0,29,1017,61,0,0,5,1787
0,29,1017,61,0,0,5,1787
0,29,1016,61,0,0,5,1787
0,29,1015,61,0,0,5,1787
0,29,1015,61,0,0,5,1787
0,29,1015,61,0,0,5,1787
0,29,1015,61,0,0,5,1785
0,29,1015,61,0,0,7,1785
0,29,1015,61,0,0,5,1785
0,29,1015,61,0,0,5,1784
0,29,1014,61,0,0,6,1784
0,29,1014,61,0,0,5,1785
0,29,1014,61,0,0,5,1785
0,29,1013,61,0,0,5,1785
0,29,1013,61,0,0,5,1785
0,29,1013,61,0,0,5,1785
0,29,1013,61,0,0,6,1785
0,29,1012,61,0,0,6,1785
0,29,1012,61,0,0,5,1785
0,29,1011,61,0,0,5,1785
0,29,1011,61,0,0,5,1785
0,29,1011,61,0,0,5,1785
0,29,1011,61,0,0,5,1784
0,29,1010,61,0,0,8,1783
0,29,1011,61,0,0,5,1783
0,29,1011,61,0,0,5,1783
0,29,1011,61,0,0,5,1783
0,29,1011,61,0,0,8,1783
0,29,1011,61,0,0,7,1783
0,29,1012,61,0,0,6,1784
0,29,1013,61,0,0,5,1784
0,29,1013,61,0,0,5,1784
0,29,1014,61,0,0,6,1784
0,29,1013,61,0,0,5,1785
0,29,1013,61,0,0,5,1785
0,29,1013,61,0,0,5,1784
0,29,1013,61,0,0,7,1783
0,29,1014,61,0,0,6,1784
0,29,1014,61,0,0,5,1783
0,29,1013,61,0,0,5,1783
0,29,1013,61,0,0,6,1783
0,29,1013,61,0,0,5,1783
0,29,1012,61,0,0,5,1783
0,29,1012,61,0,0,5,1783
0,29,1012,61,0,0,10,1782
0,29,1013,61,0,0,7,1782
0,29,1013,61,0,0,5,1782
0,29,1012,61,0,0,5,1782
0,29,1012,61,0,0,7,1783
0,29,1012,61,0,0,6,1783
0,29,1012,61,0,0,6,1783
0,29,1012,61,0,0,6,1784
0,29,1013,61,0,0,6,1784
0,29,1014,61,0,0,5,1784
0,29,1014,61,0,0,5,1784
0,29,1014,61,0,0,5,1784
0,29,1014,61,0,0,5,1784
0,29,1014,61,0,0,5,1784
0,29,1014,61,0,0,5,1784
0,29,1014,61,0,0,5,1784
0,29,1014,61,0,0,5,1784
0,29,1014,61,0,0,5,1784
0,29,1014,61,0,0,5,1784
0,29,1014,61,0,0,5,1784
0,29,1014,61,0,0,5,1784
0,29,1014,61,0,0,5,1784
0,29,1014,61,0,0,5,1782
0,29,1014,61,0,0,5,1781
0,29,1014,61,0,0,5,1781
0,29,1014,61,0,0,5,1781
0,29,1014,61,0,0,5,1781
0,29,1013,60,0,0,5,1781
0,29,1012,60,0,0,5,1781
0,29,1012,60,0,0,7,1781
0,29,1010,60,0,0,5,1781
0,29,1010,60,0,0,5,1780
0,29,1010,60,0,0,7,1780
0,29,1011,60,0,0,5,1780
0,29,1011,60,0,0,5,1780
0,29,1011,60,0,0,5,1780
0,29,1011,60,0,0,5,1780
0,29,1011,60,0,0,5,1780
0,29,1011,60,0,0,6,1780
0,29,1012,60,0,0,5,1780
0,29,1012,60,0,0,5,1780
0,29,1012,60,0,0,5,1780
0,29,1012,60,0,0,6,1780
0,29,1012,60,0,0,5,1781
0,29,1012,60,0,0,5,1780
0,29,1012,60,0,0,7,1780
0,29,1013,60,0,0,6,1780
0,29,1014,60,0,0,8,1780
0,29,1016,60,0,0,6,1780
0,29,1017,60,0,0,5,1780
0,29,1015,60,0,0,5,1780
0,29,1015,60,0,0,7,1780
0,29,1014,60,0,0,5,1781
0,29,1014,60,0,0,5,1781
0,29,1014,60,0,0,6,1781
0,29,1013,60,0,0,5,1781
0,29,1013,60,0,0,6,1781
0,29,1013,60,0,0,5,1781
0,29,1013,60,0,0,5,1780
0,29,1012,60,0,0,5,1780
0,29,1012,60,0,0,10,1782
0,29,1013,60,0,0,7,1782
0,29,1014,60,0,0,5,1781
0,29,1014,60,0,0,5,1781
0,29,1014,60,0,0,5,1781
0,29,1014,60,0,0,5,1781
0,29,1015,60,0,0,8,1780
0,29,1015,60,0,0,9,1780
0,29,1014,60,0,0,7,1781
0,29,1014,60,0,0,10,1781
0,29,1014,60,0,0,9,1782
0,29,1014,60,0,0,10,1783
0,29,1015,60,0,0,8,1784
0,29,1015,60,0,0,6,1784
0,29,1015,60,0,0,5,1783
0,29,1014,60,0,0,7,1783
0,29,1014,60,0,0,5,1783
0,29,1014,60,0,0,5,1783
0,29,1014,60,0,0,6,1783
0,29,1014,60,0,0,5,1784
0,29,1014,60,0,0,8,1784
0,29,1015,60,0,0,5,1784
0,29,1015,60,0,0,5,1784
0,29,1015,60,0,0,5,1784
0,29,1015,60,0,0,5,1784
0,29,1015,60,0,0,5,1784
0,29,1015,60,0,0,6,1784
0,29,1015,60,0,0,5,1785
0,29,1015,60,0,0,5,1785
0,29,1015,60,0,0,5,1785
0,29,1015,60,0,0,5,1785
0,29,1015,60,0,0,5,1785
0,29,1015,60,0,0,5,1785
0,29,1015,60,0,0,5,1785
0,29,1015,60,0,0,5,1785
0,29,1015,60,0,0,5,1785
0,29,1015,60,0,0,7,1786
0,29,1016,60,0,0,6,1786
0,29,1016,60,0,0,5,1786
0,29,1016,60,0,0,7,1786
0,29,1017,60,0,0,5,1787
0,29,1016,60,0,0,5,1786
0,29,1014,60,0,0,6,1786
0,29,1012,60,0,0,5,1786
0,29,1012,60,0,0,7,1786
0,29,1014,60,0,0,5,1786
0,29,1014,60,0,0,5,1786
0,29,1013,60,0,0,5,1786
0,29,1013,60,0,0,5,1786
0,29,1013,60,0,0,5,1786
0,29,1013,60,0,0,5,1786
0,29,1013,60,0,0,8,1786
0,29,1012,60,0,0,6,1787
0,29,1012,60,0,0,6,1787
0,29,1012,60,0,0,6,1787
0,29,1013,60,0,0,6,1787
0,29,1013,60,0,0,5,1787
0,29,1012,60,0,0,13,1787
0,29,1012,60,0,0,10,1788
0,29,1011,60,0,0,5,1790
0,29,1010,60,0,0,9,1790
0,29,1011,60,0,0,5,1790
0,29,1009,60,0,0,10,1790
0,29,1010,60,0,0,6,1790
0,29,1009,60,0,0,6,1790
0,29,1009,60,0,0,5,1789
0,29,1009,60,0,0,13,1789
0,29,1009,60,0,0,7,1790
0,29,1009,60,0,0,8,1791
0,29,1010,60,0,0,6,1789
0,29,1010,60,0,0,6,1790
0,29,1010,60,0,0,5,1790
0,29,1013,60,0,0,7,1790
0,29,1013,60,0,0,5,1791
0,29,1013,60,0,0,5,1791
0,29,1013,60,0,0,5,1790
0,29,1012,60,0,0,9,1792
0,29,1014,60,0,0,6,1793
0,29,1014,60,0,0,12,1793
0,29,1016,60,0,0,7,1794
0,29,1012,60,0,0,8,1794
0,29,1012,60,0,0,6,1794
0,29,1012,60,0,0,6,1794
0,29,1011,60,0,0,6,1794
0,29,1010,60,0,0,5,1794
0,29,1010,61,0,0,5,1792
0,29,1010,61,0,0,5,1792
0,29,1010,60,0,0,5,1792
0,29,1010,60,0,0,5,1792
0,29,1010,60,0,0,6,1791
0,29,1010,60,0,0,9,1791
0,29,1011,60,0,0,5,1791
0,29,1011,60,0,0,5,1791
0,29,1011,60,0,0,5,1791
0,29,1011,60,0,0,5,1791
0,29,1011,60,0,0,5,1791
0,29,1011,60,0,0,5,1791
0,29,1011,60,0,0,5,1792
0,29,1011,60,0,0,5,1792
0,29,1012,60,0,0,5,1792
0,29,1012,60,0,0,5,1792
0,29,1012,60,0,0,5,1792
0,29,1012,60,0,0,5,1792
0,29,1011,60,0,0,5,1792
0,29,1011,60,0,0,12,1792
0,29,1013,60,0,0,5,1797
0,29,1013,60,0,0,5,1797
0,29,1013,60,0,0,5,1797
0,29,1013,60,0,0,5,1797
0,29,1013,60,0,0,5,1797
0,29,1013,60,0,0,5,1797
0,29,1013,60,0,0,5,1797
0,29,1013,60,0,0,5,1797
0,29,1013,60,0,0,5,1797
0,29,1013,60,0,0,6,1797
0,29,1013,60,0,0,5,1798
0,29,1013,60,0,0,5,1798
0,29,1012,60,0,0,7,1798
0,29,1013,60,0,0,6,1798
0,29,1013,60,0,0,5,1798
0,29,1013,60,0,0,5,1798
0,29,1013,60,0,0,7,1798
0,29,1014,60,0,0,5,1798
0,29,1014,60,0,0,5,1798
0,29,1014,60,0,0,5,1798
0,29,1014,60,0,0,5,1798
0,29,1014,60,0,0,5,1798
0,29,1013,60,0,0,9,1798
0,29,1015,60,0,0,6,1798
0,29,1016,60,0,0,6,1798
0,29,1016,60,0,0,6,1798
0,29,1017,60,0,0,5,1797
0,29,1016,60,0,0,5,1797
0,29,1015,60,0,0,5,1796
0,29,1015,60,0,0,5,1796
0,29,1015,60,0,0,14,1796
0,29,1018,60,0,0,7,1795
0,29,1019,60,0,0,5,1795
0,29,1019,60,0,0,5,1795
0,29,1019,60,0,0,12,1795
0,29,1022,60,0,0,7,1796
0,29,1022,60,0,0,15,1797
0,29,1021,60,0,0,6,1802
0,29,1021,60,0,0,15,1803
0,29,1022,60,0,0,6,1809
0,29,1022,60,0,0,16,1810
0,29,1022,60,0,0,11,1818
0,29,1023,60,0,0,8,1820
0,29,1023,60,0,0,6,1819
0,29,1023,60,0,0,15,1817
0,29,1024,60,0,0,9,1817
0,29,1023,60,0,0,18,1817
0,29,1022,61,0,0,12,1814
0,29,1019,60,0,0,14,1810
0,29,1023,60,0,0,6,1807
0,29,1023,60,0,0,12,1807
0,29,1021,60,0,0,8,1810
0,29,1020,60,0,0,19,1810
0,29,1022,60,0,0,12,1813
0,29,1022,60,0,0,18,1815
0,29,1025,60,0,0,8,1815
0,29,1025,60,0,0,8,1815
0,29,1026,60,0,0,11,1816
0,29,1027,60,0,0,7,1816
0,29,1028,60,0,0,6,1816
0,29,1028,60,0,0,5,1816
0,29,1029,60,0,0,6,1816
0,29,1029,60,0,0,6,1816
0,29,1029,60,0,0,5,1816
0,29,1029,60,0,0,5,1816
0,29,1027,60,0,0,5,1816
0,29,1027,60,0,0,10,1816
0,29,1028,60,0,0,7,1817
0,29,1028,60,0,0,6,1817
0,29,1028,60,0,0,6,1817
0,29,1029,60,0,0,7,1817
0,29,1029,60,0,0,6,1818
0,29,1030,60,0,0,9,1818
0,29,1031,60,0,0,8,1818
0,29,1033,60,0,0,5,1817
0,29,1033,60,0,0,5,1817
0,29,1033,60,0,0,6,1817
0,29,1033,60,0,0,6,1817
0,29,1033,60,0,0,5,1817
0,29,1032,60,0,0,5,1817
0,29,1032,60,0,0,6,1815
0,29,1032,60,0,0,5,1815
0,29,1032,60,0,0,10,1815
0,29,1032,60,0,0,6,1815
0,29,1029,60,0,0,6,1816
0,29,1029,60,0,0,5,1816
0,29,1029,60,0,0,5,1816
0,29,1029,60,0,0,5,1815
0,29,1029,60,0,0,8,1815
0,29,1030,60,0,0,6,1815
0,29,1030,60,0,0,9,1815
0,29,1030,60,0,0,5,1817
0,29,1030,60,0,0,5,1817
0,29,1028,60,0,0,5,1817
0,29,1029,60,0,0,8,1817
0,29,1029,60,0,0,7,1817
0,29,1030,60,0,0,6,1817
0,29,1030,60,0,0,6,1818
0,29,1030,60,0,0,6,1817
0,29,1030,60,0,0,11,1817
0,29,1027,60,0,0,6,1819
0,29,1027,60,0,0,7,1819
0,29,1025,60,0,0,8,1816
0,29,1026,60,0,0,5,1814
0,29,1025,60,0,0,10,1814
0,29,1023,60,0,0,8,1815
0,29,1024,60,0,0,6,1815
0,29,1024,60,0,0,5,1815
0,29,1023,60,0,0,14,1814
0,29,1027,60,0,0,6,1815
0,29,1027,60,0,0,5,1817
0,29,1026,61,0,0,15,1817
0,29,1027,61,0,0,10,1818
0,29,1027,60,0,0,6,1819
0,29,1025,61,0,0,14,1818
0,29,1021,60,0,0,10,1820
0,29,1024,60,0,0,6,1816
0,29,1022,60,0,0,10,1815
0,29,1023,60,0,0,9,1815
0,29,1021,60,0,0,5,1818
0,29,1023,60,0,0,8,1816
0,29,1023,60,0,0,7,1816
0,29,1022,60,0,0,6,1816
0,29,1022,60,0,0,5,1815
0,29,1022,60,0,0,11,1815
0,29,1023,60,0,0,8,1815
0,29,1024,60,0,0,16,1815
0,29,1024,60,0,0,10,1817
0,29,1024,60,0,0,14,1818
0,29,1027,60,0,0,8,1819
0,29,1029,60,0,0,6,1819
0,29,1029,60,0,0,9,1817
0,29,1030,60,0,0,7,1817
0,29,1028,60,0,0,8,1818
0,29,1027,60,0,0,6,1817
0,29,1027,60,0,0,6,1817
0,29,1027,60,0,0,7,1817
0,29,1027,60,0,0,7,1817
0,29,1028,60,0,0,6,1817
0,29,1028,60,0,0,6,1817
0,29,1028,60,0,0,6,1817
0,29,1028,60,0,0,6,1817
0,29,1028,60,0,0,6,1817
0,29,1028,60,0,0,6,1817
0,29,1028,60,0,0,6,1817
0,29,1028,60,0,0,7,1817
0,29,1028,60,0,0,8,1817
0,29,1028,60,0,0,6,1817
0,29,1027,60,0,0,10,1817
0,29,1028,60,0,0,8,1817
0,29,1029,60,0,0,6,1817
0,29,1029,60,0,0,6,1817
0,29,1029,60,0,0,6,1817
0,29,1028,60,0,0,8,1817
0,29,1027,60,0,0,8,1817
0,29,1027,60,0,0,7,1817
0,29,1028,60,0,0,6,1817
0,29,1028,60,0,0,7,1818
0,29,1029,60,0,0,6,1818
0,29,1029,60,0,0,6,1817
0,29,1029,60,0,0,8,1817
0,29,1029,60,0,0,6,1818
0,29,1029,60,0,0,6,1818
0,29,1029,60,0,0,9,1818
0,29,1028,60,0,0,9,1817
0,29,1028,60,0,0,7,1815
0,29,1028,60,0,0,8,1816
0,29,1027,60,0,0,7,1818
0,29,1027,60,0,0,7,1818
0,29,1024,60,0,0,7,1816
0,29,1025,60,0,0,6,1813
0,29,1024,60,0,0,6,1810
0,29,1022,60,0,0,6,1810
0,29,1022,60,0,0,9,1811
0,29,1022,60,0,0,9,1811
0,29,1020,60,0,0,18,1811
0,29,1022,60,0,0,12,1812
0,29,1022,60,0,0,6,1814
0,29,1022,60,0,0,6,1812
0,29,1022,60,0,0,12,1811
0,29,1022,60,0,0,8,1814
0,29,1021,60,0,0,12,1814
0,29,1022,60,0,0,8,1817
0,29,1023,60,0,0,7,1816
0,29,1025,60,0,0,7,1816
0,29,1024,60,0,0,7,1816
0,29,1024,60,0,0,6,1816
0,29,1024,60,0,0,6,1816
0,29,1024,60,0,0,12,1814
0,29,1024,60,0,0,12,1814
0,29,1025,60,0,0,9,1815
0,29,1025,60,0,0,15,1815
0,29,1026,60,0,0,13,1816
0,29,1026,60,0,0,17,1815
0,29,1028,60,0,0,11,1815
0,29,1030,60,0,0,6,1815
0,29,1030,60,0,0,9,1815
0,29,1030,60,0,0,7,1816
0,29,1030,60,0,0,13,1816
0,29,1031,60,0,0,8,1819
0,29,1032,60,0,0,9,1819
0,29,1030,60,0,0,9,1820
0,29,1031,60,0,0,6,1818
0,29,1031,60,0,0,9,1818
0,29,1032,60,0,0,6,1817
0,29,1031,60,0,0,11,1817
0,29,1032,60,0,0,7,1818
0,29,1033,60,0,0,6,1818
0,29,1033,60,0,0,6,1818
0,29,1033,60,0,0,12,1818
0,29,1032,60,0,0,7,1820
0,29,1032,60,0,0,6,1820
0,29,1030,60,0,0,7,1817
0,29,1028,60,0,0,8,1817
0,29,1029,60,0,0,7,1817
0,29,1029,60,0,0,6,1816
0,29,1029,60,0,0,6,1814
0,29,1029,60,0,0,6,1814
0,29,1029,60,0,0,6,1812
0,29,1030,60,0,0,6,1811
0,29,1030,60,0,0,6,1811
0,29,1029,60,0,0,6,1811
0,29,1029,60,0,0,6,1811
0,29,1029,60,0,0,6,1811
0,29,1029,60,0,0,7,1811
0,29,1028,60,0,0,6,1811
0,29,1027,60,0,0,6,1811
0,29,1027,60,0,0,6,1811
0,29,1027,60,0,0,6,1811
0,29,1027,60,0,0,6,1811
0,29,1027,60,0,0,8,1811
0,29,1026,60,0,0,7,1812
0,29,1027,60,0,0,6,1812
0,29,1027,60,0,0,7,1812
0,29,1027,60,0,0,7,1812
0,29,1027,60,0,0,9,1812
0,29,1028,60,0,0,6,1813
0,29,1028,60,0,0,6,1813
0,29,1026,60,0,0,7,1812
0,29,1026,60,0,0,6,1812
0,29,1024,60,0,0,6,1812
0,29,1024,60,0,0,6,1812
0,29,1022,60,0,0,8,1810
0,29,1023,60,0,0,6,1811
0,29,1023,60,0,0,6,1811
0,29,1023,60,0,0,7,1811
0,29,1024,60,0,0,6,1810
0,29,1024,60,0,0,6,1810
0,29,1024,60,0,0,6,1810
0,29,1024,60,0,0,10,1813
0,29,1024,60,0,0,8,1814
0,29,1025,60,0,0,7,1813
0,29,1025,60,0,0,15,1812
0,29,1028,60,0,0,20,1812
0,29,1031,60,0,0,12,1816
0,29,1031,60,0,0,11,1816
0,29,1031,60,0,0,6,1815
0,29,1032,60,0,0,10,1815
0,29,1033,60,0,0,7,1815
0,29,1034,60,0,0,6,1815
0,29,1033,60,0,0,6,1815
0,29,1032,60,0,0,14,1815
0,29,1033,60,0,0,21,1816
0,29,1033,60,0,0,14,1819
0,29,1033,60,0,0,19,1820
0,29,1035,60,0,0,7,1824
0,29,1035,60,0,0,61,1823
0,29,1037,60,0,0,38,1838
0,29,1037,60,0,0,38,1838
0,29,1044,60,0,0,16,1853
0,29,1046,60,0,0,22,1856
0,29,1046,60,0,0,15,1858
0,29,1050,60,0,0,14,1860
0,29,1051,60,0,0,11,1862
0,29,1052,60,0,0,43,1862
0,29,1054,60,0,0,14,1886
0,29,1057,60,0,0,13,1886
0,29,1058,60,0,0,7,1889
0,29,1059,60,0,0,11,1888
0,29,1061,60,0,0,8,1886
0,29,1061,60,0,0,6,1884
0,29,1060,60,0,0,11,1884
0,29,1061,60,0,0,8,1886
0,29,1061,60,0,0,6,1886
0,29,1060,60,0,0,9,1885
0,29,1061,60,0,0,8,1885
0,29,1062,60,0,0,7,1885
0,29,1062,60,0,0,7,1885
0,29,1062,60,0,0,6,1885
0,29,1060,60,0,0,6,1885
0,29,1060,60,0,0,6,1885
0,29,1061,60,0,0,6,1883
0,29,1060,60,0,0,7,1883
0,29,1058,60,0,0,6,1882
0,29,1057,60,0,0,7,1881
0,29,1056,60,0,0,16,1881
0,29,1057,60,0,0,9,1882
0,29,1057,60,0,0,10,1881
0,29,1057,60,0,0,7,1881
0,29,1056,60,0,0,12,1881
0,29,1060,60,0,0,8,1881
0,29,1059,60,0,0,6,1881
0,29,1059,60,0,0,6,1881
0,29,1059,60,0,0,8,1881
0,29,1059,60,0,0,6,1883
0,29,1059,60,0,0,6,1884
0,29,1059,60,0,0,6,1883
0,29,1059,60,0,0,6,1883
0,29,1057,60,0,0,6,1883
0,29,1057,60,0,0,6,1883
0,29,1057,60,0,0,6,1883
0,29,1057,60,0,0,6,1883
0,29,1057,60,0,0,7,1882
0,29,1057,60,0,0,6,1882
0,29,1056,60,0,0,6,1882
0,29,1056,60,0,0,6,1882
0,29,1056,60,0,0,8,1883
0,29,1056,60,0,0,6,1883
0,29,1056,60,0,0,7,1883
0,29,1056,60,0,0,7,1883
0,29,1055,61,0,0,6,1882
0,29,1055,61,0,0,8,1882
0,29,1056,60,0,0,8,1882
0,29,1057,60,0,0,6,1880
0,29,1056,60,0,0,8,1879
0,29,1057,60,0,0,6,1879
0,29,1057,60,0,0,10,1878
0,29,1056,60,0,0,9,1877
0,29,1057,60,0,0,6,1875
0,29,1057,60,0,0,15,1875
0,29,1056,60,0,0,10,1877
0,29,1056,60,0,0,11,1878
0,29,1057,60,0,0,7,1880
0,29,1058,60,0,0,6,1880
0,29,1058,60,0,0,6,1880
0,29,1058,60,0,0,8,1883
0,29,1059,60,0,0,6,1883
0,29,1059,60,0,0,7,1883
0,29,1059,60,0,0,6,1884
0,29,1059,60,0,0,6,1884
0,29,1058,60,0,0,10,1884
0,29,1057,60,0,0,11,1885
0,29,1057,60,0,0,9,1885
0,29,1056,60,0,0,7,1886
0,29,1056,60,0,0,7,1886
0,29,1056,60,0,0,6,1886
0,29,1056,60,0,0,6,1887
0,29,1056,60,0,0,6,1887
0,29,1056,60,0,0,6,1887
0,29,1055,60,0,0,6,1887
0,29,1054,60,0,0,8,1887
0,29,1054,60,0,0,7,1888
0,29,1054,60,0,0,6,1889
0,29,1054,60,0,0,6,1889
0,29,1052,61,0,0,6,1889
0,29,1052,60,0,0,7,1889
0,29,1052,60,0,0,7,1889
0,29,1052,60,0,0,8,1889
0,29,1052,60,0,0,7,1889
0,29,1053,60,0,0,7,1889
0,29,1053,60,0,0,6,1889
0,29,1053,60,0,0,6,1889
0,29,1053,60,0,0,7,1889
0,29,1053,60,0,0,6,1890
0,29,1049,60,0,0,6,1890
0,29,1049,60,0,0,7,1890
0,29,1048,60,0,0,7,1890
0,29,1048,60,0,0,6,1890
0,29,1048,60,0,0,6,1890
0,29,1048,60,0,0,6,1890
0,29,1048,60,0,0,6,1890
0,29,1049,60,0,0,6,1891
0,29,1049,60,0,0,6,1890
0,29,1049,60,0,0,6,1890
0,29,1049,60,0,0,9,1890
0,29,1050,60,0,0,6,1890
0,29,1050,60,0,0,10,1890
0,29,1050,60,0,0,10,1889
0,29,1051,60,0,0,8,1888
0,29,1051,60,0,0,6,1889
0,29,1051,60,0,0,6,1889
0,29,1051,60,0,0,7,1889
0,29,1051,60,0,0,6,1890
0,29,1051,60,0,0,6,1889
0,29,1051,60,0,0,6,1889
0,29,1051,60,0,0,6,1889
0,29,1051,60,0,0,6,1889
0,29,1051,60,0,0,6,1889
0,29,1051,60,0,0,6,1889
0,29,1051,60,0,0,10,1889
0,29,1051,60,0,0,8,1889
0,29,1052,60,0,0,9,1889
0,29,1053,60,0,0,6,1889
0,29,1053,60,0,0,6,1889
0,29,1052,60,0,0,6,1889
0,29,1052,60,0,0,6,1889
0,29,1050,60,0,0,6,1889
0,29,1050,60,0,0,8,1889
0,29,1050,60,0,0,7,1890
0,29,1049,60,0,0,6,1889
0,29,1049,60,0,0,8,1889
0,29,1049,60,0,0,8,1889
0,29,1049,60,0,0,12,1889
0,29,1049,60,0,0,12,1889
0,29,1049,60,0,0,12,1889
0,29,1049,60,0,0,12,1889
0,29,1049,60,0,0,12,1889
0,29,1049,60,0,0,12,1889
0,29,1049,60,0,0,16,1889
0,29,1049,60,0,0,19,1889
0,29,1042,60,0,0,16,1882
0,29,1041,60,0,0,9,1881
0,29,1040,60,0,0,6,1875
0,29,1039,60,0,0,24,1874
0,29,1039,60,0,0,18,1877
0,29,1041,60,0,0,10,1882
0,29,1042,61,0,0,6,1883
0,29,1042,60,0,0,8,1883
0,29,1043,60,0,0,7,1883
0,29,1044,60,0,0,10,1884
0,29,1045,60,0,0,7,1886
0,29,1045,60,0,0,7,1886
0,29,1045,60,0,0,7,1886
0,29,1045,60,0,0,6,1887
0,29,1045,60,0,0,6,1887
0,29,1045,60,0,0,6,1887
0,29,1045,60,0,0,6,1887
0,29,1045,60,0,0,6,1887
0,29,1045,60,0,0,6,1887
0,29,1045,60,0,0,6,1887
0,29,1044,60,0,0,8,1887
0,29,1044,60,0,0,7,1888
0,29,1044,60,0,0,6,1889
0,29,1044,60,0,0,7,1889
0,29,1044,60,0,0,7,1889
0,29,1044,60,0,0,7,1889
0,29,1044,60,0,0,6,1889
0,29,1043,60,0,0,6,1888
0,29,1043,60,0,0,9,1888
0,29,1045,60,0,0,7,1888
0,29,1044,60,0,0,6,1887
0,29,1044,60,0,0,6,1886
0,29,1044,60,0,0,6,1884
0,29,1044,60,0,0,6,1882
0,29,1044,60,0,0,10,1882
0,29,1046,60,0,0,9,1882
0,29,1044,60,0,0,8,1881
0,29,1045,60,0,0,7,1881
0,29,1046,60,0,0,6,1881
0,29,1046,60,0,0,10,1880
0,29,1046,60,0,0,8,1881
0,29,1046,60,0,0,7,1881
0,29,1046,60,0,0,6,1881
0,29,1046,60,0,0,13,1881
0,29,1048,60,0,0,7,1881
0,29,1049,60,0,0,8,1880
0,29,1050,60,0,0,7,1878
0,29,1051,60,0,0,6,1878
0,29,1049,60,0,0,6,1877
0,29,1049,60,0,0,12,1875
0,29,1048,60,0,0,8,1874
0,29,1048,60,0,0,14,1874
0,29,1048,60,0,0,9,1877
0,29,1049,60,0,0,6,1878
0,29,1049,60,0,0,6,1878
0,29,1049,60,0,0,9,1876
0,29,1048,60,0,0,7,1875
0,29,1048,60,0,0,14,1875
0,29,1048,60,0,0,9,1876
0,29,1049,60,0,0,7,1873
0,29,1048,60,0,0,6,1872
0,29,1048,60,0,0,15,1871
0,29,1049,60,0,0,8,1865
0,29,1049,60,0,0,11,1865
0,29,1049,60,0,0,8,1865
0,29,1046,60,0,0,7,1865
0,29,1045,60,0,0,6,1866
0,29,1045,60,0,0,6,1866
0,29,1045,60,0,0,6,1866
0,29,1044,60,0,0,10,1866
0,29,1044,60,0,0,10,1866
0,29,1044,60,0,0,18,1866
0,29,1044,60,0,0,13,1869
0,29,1046,60,0,0,15,1869
0,29,1046,60,0,0,15,1869
0,29,1048,60,0,0,10,1869
0,29,1048,60,0,0,15,1871
0,29,1048,60,0,0,15,1871
0,29,1050,60,0,0,12,1872
0,29,1047,60,0,0,8,1874
0,29,1049,60,0,0,8,1875
0,29,1049,60,0,0,6,1875
0,29,1048,60,0,0,12,1874
0,29,1049,60,0,0,9,1875
0,29,1049,60,0,0,7,1876
0,29,1049,60,0,0,11,1876
0,29,1050,60,0,0,6,1877
0,29,1050,60,0,0,6,1877
0,29,1050,60,0,0,6,1877
0,29,1047,60,0,0,7,1878
0,29,1046,60,0,0,7,1877
0,29,1047,60,0,0,6,1877
0,29,1047,60,0,0,6,1875
0,29,1047,60,0,0,6,1875
0,29,1047,60,0,0,7,1875
0,29,1045,60,0,0,7,1875
0,29,1044,60,0,0,7,1876
0,29,1045,60,0,0,6,1876
0,29,1044,60,0,0,6,1875
0,29,1041,60,0,0,6,1874
0,29,1041,60,0,0,10,1874
0,29,1042,60,0,0,7,1873
0,29,1042,60,0,0,6,1873
0,29,1042,60,0,0,9,1873
0,29,1042,60,0,0,8,1873
0,29,1042,60,0,0,7,1873
0,29,1042,60,0,0,6,1873
0,29,1042,60,0,0,9,1872
0,29,1042,60,0,0,9,1872
0,29,1042,60,0,0,7,1872
0,29,1042,60,0,0,6,1872
0,29,1041,60,0,0,9,1872
0,29,1041,60,0,0,6,1873
0,29,1041,60,0,0,8,1872
0,29,1042,60,0,0,6,1872
0,29,1042,60,0,0,9,1872
0,29,1044,60,0,0,7,1871
0,29,1040,60,0,0,6,1871
0,29,1039,60,0,0,6,1871
0,29,1038,60,0,0,6,1871
0,29,1036,60,0,0,11,1871
0,29,1036,60,0,0,8,1870
0,29,1038,60,0,0,8,1870
0,29,1038,60,0,0,6,1871
0,29,1036,60,0,0,7,1872
0,29,1036,60,0,0,6,1872
0,29,1036,60,0,0,6,1870
0,29,1035,60,0,0,6,1870
0,29,1035,60,0,0,6,1870
0,29,1034,60,0,0,6,1870
0,29,1036,60,0,0,14,1868
0,29,1035,60,0,0,14,1868
0,29,1033,60,0,0,12,1870
0,29,1031,60,0,0,8,1868
0,29,1032,60,0,0,10,1869
0,29,1033,60,0,0,8,1869
0,29,1034,60,0,0,13,1869
0,29,1036,60,0,0,11,1869
0,29,1038,60,0,0,8,1869
0,29,1038,60,0,0,6,1867
0,29,1038,60,0,0,16,1866
0,29,1039,60,0,0,16,1865
0,29,1038,60,0,0,22,1866
0,29,1039,60,0,0,9,1868
0,29,1039,60,0,0,10,1867
0,29,1038,60,0,0,9,1868
0,29,1040,60,0,0,14,1864
0,29,1041,60,0,0,10,1865
0,29,1040,60,0,0,13,1864
0,29,1041,60,0,0,10,1865
0,29,1040,60,0,0,8,1867
0,29,1039,60,0,0,9,1867
0,29,1039,60,0,0,9,1867
0,29,1039,60,0,0,8,1868
0,29,1040,60,0,0,7,1868
0,29,1040,60,0,0,8,1867
0,29,1040,60,0,0,7,1868
0,29,1038,60,0,0,7,1868
0,29,1038,60,0,0,7,1868
0,29,1038,60,0,0,7,1867
0,29,1038,60,0,0,10,1867
0,29,1039,60,0,0,8,1868
0,29,1040,60,0,0,9,1867
0,29,1040,60,0,0,8,1868
0,29,1038,60,0,0,7,1870
0,29,1038,60,0,0,7,1870
0,29,1037,60,0,0,7,1870
0,29,1037,60,0,0,7,1870
0,29,1037,60,0,0,9,1870
0,29,1037,60,0,0,7,1870
0,29,1037,60,0,0,9,1870
0,29,1037,60,0,0,7,1871
0,29,1036,60,0,0,9,1871
0,29,1036,60,0,0,8,1870
0,29,1036,60,0,0,7,1870
0,29,1036,60,0,0,7,1869
0,29,1034,60,0,0,7,1869
0,29,1032,60,0,0,10,1869
0,29,1032,60,0,0,10,1869
0,29,1033,61,0,0,9,1868
0,29,1033,60,0,0,7,1868
0,29,1034,60,0,0,8,1869
0,29,1032,60,0,0,8,1868
0,29,1030,60,0,0,8,1864
0,29,1029,60,0,0,8,1864
0,29,1028,60,0,0,8,1864
0,29,1027,60,0,0,10,1864
0,29,1027,60,0,0,10,1864
0,29,1027,60,0,0,8,1863
0,29,1026,60,0,0,8,1863
0,29,1027,60,0,0,7,1863
0,29,1026,60,0,0,11,1863
0,29,1025,60,0,0,11,1863
0,29,1025,60,0,0,8,1863
0,29,1025,60,0,0,7,1863
0,29,1025,60,0,0,19,1862
0,29,1022,60,0,0,19,1862
0,29,1023,60,0,0,11,1864
0,29,1022,60,0,0,9,1863
0,29,1023,60,0,0,16,1862
0,29,1023,60,0,0,16,1862
0,29,1021,60,0,0,14,1860
0,29,1021,60,0,0,23,1860
0,29,1023,60,0,0,18,1860
0,29,1023,60,0,0,18,1860
0,29,1021,60,0,0,22,1858
0,29,1022,60,0,0,16,1859
0,29,1026,60,0,0,21,1859
0,29,1029,60,0,0,13,1859
0,29,1030,60,0,0,9,1859
0,29,1030,60,0,0,9,1859
0,29,1030,60,0,0,7,1859
0,29,1028,60,0,0,17,1859
0,29,1026,60,0,0,10,1860
0,29,1028,60,0,0,7,1860
0,29,1027,60,0,0,16,1859
0,29,1027,60,0,0,13,1858
0,29,1032,60,0,0,12,1862
0,29,1034,60,0,0,10,1861
0,29,1035,60,0,0,8,1860
0,29,1033,60,0,0,8,1860
0,29,1033,60,0,0,8,1860
0,29,1035,60,0,0,6,1860
0,29,1034,60,0,0,6,1860
0,29,1034,60,0,0,10,1860
0,29,1037,60,0,0,8,1858
0,29,1034,60,0,0,12,1860
0,29,1037,60,0,0,6,1862
0,29,1037,60,0,0,6,1862
0,29,1037,60,0,0,7,1862
0,29,1038,60,0,0,6,1862
0,29,1038,60,0,0,6,1862
0,29,1038,60,0,0,6,1862
0,29,1038,60,0,0,6,1862
0,29,1038,60,0,0,6,1862
0,29,1038,60,0,0,6,1862
0,29,1036,60,0,0,6,1862
0,29,1036,60,0,0,10,1862
0,29,1036,60,0,0,10,1862
0,29,1036,60,0,0,7,1862
0,29,1035,60,0,0,10,1863
0,29,1033,60,0,0,8,1862
0,29,1032,60,0,0,7,1862
0,29,1032,60,0,0,10,1862
0,29,1032,60,0,0,9,1862
0,29,1032,60,0,0,7,1860
0,29,1033,60,0,0,6,1860
0,29,1033,60,0,0,6,1860
0,29,1033,60,0,0,6,1860
0,29,1033,60,0,0,7,1860
0,29,1034,60,0,0,7,1858
0,29,1032,60,0,0,16,1858
0,29,1033,60,0,0,9,1862
0,29,1034,60,0,0,6,1862
0,29,1035,60,0,0,8,1863
0,29,1035,60,0,0,8,1863
0,29,1036,60,0,0,9,1863
0,29,1036,60,0,0,8,1863
0,29,1037,60,0,0,7,1863
0,29,1037,60,0,0,6,1863
0,29,1035,60,0,0,7,1863
0,29,1035,60,0,0,6,1861
0,29,1036,60,0,0,6,1861
0,29,1036,60,0,0,6,1858
0,29,1037,60,0,0,7,1857
0,29,1037,60,0,0,10,1855
0,29,1034,60,0,0,8,1855
0,29,1034,60,0,0,8,1855
0,29,1034,60,0,0,7,1855
0,29,1033,60,0,0,15,1854
0,29,1032,60,0,0,15,1854
0,29,1032,60,0,0,24,1855
0,29,1034,60,0,0,16,1858
0,29,1037,60,0,0,8,1860
0,29,1035,60,0,0,11,1860
0,29,1035,60,0,0,7,1862
0,29,1035,60,0,0,9,1860
0,29,1034,60,0,0,6,1860
0,29,1032,60,0,0,9,1856
0,29,1031,60,0,0,8,1856
0,29,1034,60,0,0,13,1858
0,29,1035,60,0,0,7,1859
0,29,1035,60,0,0,7,1859
0,29,1035,60,0,0,16,1859
0,29,1035,60,0,0,11,1862
0,29,1035,60,0,0,8,1860
0,29,1035,60,0,0,8,1860
0,29,1034,60,0,0,6,1860
0,29,1032,61,0,0,6,1856
0,29,1030,60,0,0,10,1858
0,29,1029,60,0,0,9,1858
0,29,1029,60,0,0,14,1856
0,29,1029,60,0,0,13,1856
0,29,1030,60,0,0,9,1856
0,29,1031,60,0,0,17,1855
0,29,1031,60,0,0,17,1855
0,29,1035,60,0,0,12,1855
0,29,1039,60,0,0,7,1855
0,29,1038,60,0,0,6,1856
0,29,1038,60,0,0,9,1855
0,29,1038,60,0,0,7,1855
0,29,1038,60,0,0,6,1856
0,29,1038,60,0,0,6,1855
0,29,1038,60,0,0,6,1855
0,29,1037,60,0,0,6,1855
0,29,1035,60,0,0,6,1855
0,29,1035,60,0,0,6,1855
0,29,1035,60,0,0,6,1854
0,29,1035,60,0,0,6,1854
0,29,1035,60,0,0,6,1854
0,29,1035,60,0,0,6,1854
0,29,1034,60,0,0,8,1854
0,29,1034,60,0,0,8,1854
0,29,1034,60,0,0,7,1855
0,29,1032,61,0,0,6,1855
0,29,1031,60,0,0,6,1854
0,29,1031,60,0,0,8,1854
0,29,1031,60,0,0,7,1855
0,29,1031,60,0,0,7,1855
0,29,1031,60,0,0,7,1854
0,29,1031,60,0,0,6,1854
0,29,1031,60,0,0,6,1853
0,29,1031,60,0,0,6,1851
0,29,1031,60,0,0,6,1851
0,29,1031,60,0,0,6,1850
0,29,1030,60,0,0,6,1850
0,29,1030,60,0,0,6,1850
0,29,1030,60,0,0,15,1850
0,29,1030,60,0,0,12,1852
0,29,1032,60,0,0,8,1852
0,29,1032,60,0,0,7,1853
0,29,1031,60,0,0,6,1854
0,29,1029,60,0,0,6,1853
0,29,1029,60,0,0,6,1851
0,29,1029,60,0,0,6,1851
0,29,1028,60,0,0,6,1851
0,29,1028,60,0,0,6,1850
0,29,1028,60,0,0,6,1850
0,29,1028,60,0,0,6,1849
0,29,1028,60,0,0,6,1849
0,29,1028,60,0,0,6,1847
0,29,1028,60,0,0,6,1847
0,29,1028,60,0,0,6,1847
0,29,1028,60,0,0,6,1845
0,29,1028,60,0,0,6,1843
0,29,1027,61,0,0,19,1842
0,29,1030,60,0,0,21,1842
0,29,1030,60,0,0,12,1846
0,29,1030,60,0,0,25,1845
0,29,1033,61,0,0,16,1845
0,29,1034,60,0,0,9,1844
0,29,1033,60,0,0,6,1845
0,29,1032,60,0,0,8,1843
0,29,1032,60,0,0,13,1842
0,29,1030,60,0,0,9,1845
0,29,1030,60,0,0,7,1845
0,29,1029,60,0,0,7,1844
0,29,1029,60,0,0,6,1844
0,29,1029,60,0,0,12,1844
0,29,1028,60,0,0,12,1844
0,29,1028,60,0,0,11,1844
0,29,1030,60,0,0,7,1845
0,29,1030,60,0,0,7,1845
0,29,1030,60,0,0,6,1846
0,29,1030,60,0,0,6,1846
0,29,1030,60,0,0,6,1845
0,29,1030,60,0,0,6,1845
0,29,1029,60,0,0,6,1845
0,29,1029,60,0,0,6,1845
0,29,1029,60,0,0,6,1845
0,29,1028,60,0,0,6,1845
0,29,1028,60,0,0,12,1845
0,29,1028,60,0,0,12,1845
0,29,1028,60,0,0,13,1846
0,29,1028,60,0,0,8,1848
0,29,1028,60,0,0,8,1848
0,29,1027,60,0,0,9,1848
0,29,1028,60,0,0,7,1848
0,29,1028,60,0,0,7,1848
0,29,1027,60,0,0,9,1850
0,29,1028,60,0,0,6,1851
0,29,1028,60,0,0,6,1851
0,29,1028,60,0,0,6,1851
0,29,1028,60,0,0,7,1851
0,29,1029,60,0,0,7,1850
0,29,1029,60,0,0,8,1850
0,29,1029,60,0,0,8,1850
0,29,1029,60,0,0,6,1850
0,29,1029,60,0,0,6,1850
0,29,1029,60,0,0,6,1850
0,29,1030,60,0,0,6,1848
0,29,1030,60,0,0,7,1847
0,29,1029,60,0,0,9,1848
0,29,1029,60,0,0,8,1848
0,29,1030,60,0,0,6,1848
0,29,1029,60,0,0,7,1848
0,29,1029,60,0,0,7,1848
0,29,1029,60,0,0,6,1848
0,29,1029,60,0,0,8,1848
0,29,1029,60,0,0,8,1848
0,29,1030,60,0,0,6,1848
0,29,1030,60,0,0,9,1848
0,29,1032,60,0,0,6,1848
0,29,1031,60,0,0,6,1848
0,29,1030,60,0,0,6,1848
0,29,1030,60,0,0,6,1848
0,29,1030,60,0,0,6,1848
0,29,1030,60,0,0,6,1848
0,29,1030,60,0,0,6,1848
0,29,1030,60,0,0,6,1847
0,29,1030,60,0,0,6,1847
0,29,1030,60,0,0,6,1847
0,29,1027,60,0,0,6,1847
0,29,1026,60,0,0,6,1847
0,29,1026,60,0,0,6,1847
0,29,1026,60,0,0,6,1846
0,29,1026,60,0,0,6,1846
0,29,1026,60,0,0,6,1846
0,29,1026,60,0,0,14,1844
0,29,1027,60,0,0,8,1844
0,29,1027,60,0,0,6,1845
0,29,1028,60,0,0,7,1844
0,29,1028,60,0,0,7,1844
0,29,1028,60,0,0,8,1844
0,29,1028,60,0,0,6,1846
0,29,1028,60,0,0,6,1846
0,29,1028,60,0,0,8,1846
0,29,1029,60,0,0,6,1847
0,29,1029,60,0,0,6,1847
0,29,1029,60,0,0,6,1847
0,29,1029,60,0,0,6,1847
0,29,1029,60,0,0,10,1847
0,29,1029,60,0,0,9,1847
0,29,1029,60,0,0,8,1847
0,29,1029,60,0,0,7,1847
0,29,1029,60,0,0,7,1847
0,29,1029,60,0,0,6,1847
0,29,1029,60,0,0,6,1847
0,29,1029,60,0,0,6,1847
0,29,1029,60,0,0,6,1847
0,29,1028,60,0,0,6,1847
0,29,1028,60,0,0,6,1847
0,29,1028,60,0,0,6,1847
0,29,1028,60,0,0,6,1847
0,29,1028,60,0,0,6,1847
0,29,1028,60,0,0,6,1847
0,29,1028,60,0,0,6,1846
0,29,1026,60,0,0,6,1846
0,29,1026,60,0,0,6,1846
0,29,1026,60,0,0,6,1846
0,29,1026,60,0,0,6,1846
0,29,1026,60,0,0,6,1846
0,29,1026,60,0,0,7,1847
0,29,1026,60,0,0,7,1847
0,29,1026,60,0,0,7,1847
0,29,1026,60,0,0,6,1847
0,29,1026,60,0,0,7,1847
0,29,1026,60,0,0,7,1847
0,29,1026,60,0,0,7,1846
0,29,1027,60,0,0,6,1846
0,29,1027,60,0,0,6,1846
0,29,1027,60,0,0,6,1846
0,29,1027,60,0,0,6,1846
0,29,1027,60,0,0,6,1846
0,29,1027,60,0,0,7,1846
0,29,1027,60,0,0,6,1847
0,29,1027,60,0,0,6,1846
0,29,1027,60,0,0,6,1846
0,29,1027,60,0,0,6,1846
0,29,1027,60,0,0,6,1846
0,29,1027,60,0,0,6,1846
0,29,1026,60,0,0,6,1846
0,29,1027,60,0,0,7,1845
0,29,1026,60,0,0,6,1845
0,29,1026,60,0,0,6,1845
0,29,1026,60,0,0,6,1845
0,29,1026,60,0,0,14,1845
0,29,1028,60,0,0,9,1847
0,29,1029,60,0,0,6,1847
0,29,1029,60,0,0,6,1847
0,29,1029,60,0,0,6,1847
0,29,1028,60,0,0,6,1847
0,29,1028,60,0,0,6,1846
0,29,1028,60,0,0,6,1846
0,29,1028,60,0,0,6,1846
0,29,1028,60,0,0,6,1846
0,29,1028,60,0,0,6,1846
0,29,1028,60,0,0,6,1846
0,29,1028,60,0,0,6,1846
0,29,1028,60,0,0,6,1846
0,29,1028,60,0,0,16,1846
0,29,1029,60,0,0,10,1847
0,29,1031,60,0,0,8,1847
0,29,1031,60,0,0,7,1847
0,29,1033,60,0,0,11,1847
0,29,1033,60,0,0,7,1846
0,29,1033,60,0,0,9,1846
0,29,1032,60,0,0,8,1846
0,29,1032,60,0,0,7,1846
0,29,1032,60,0,0,9,1846
0,29,1033,60,0,0,7,1846
0,29,1034,60,0,0,6,1846
0,29,1034,60,0,0,6,1846
0,29,1034,60,0,0,6,1846
0,29,1034,60,0,0,6,1846
0,29,1034,60,0,0,6,1846
0,29,1034,60,0,0,6,1846
0,29,1034,60,0,0,6,1846
0,29,1034,60,0,0,6,1846
0,29,1034,61,0,0,6,1845
0,29,1034,60,0,0,16,1844
0,29,1036,60,0,0,12,1846
0,29,1037,60,0,0,11,1847
0,29,1038,60,0,0,9,1847
0,29,1038,60,0,0,7,1848
0,29,1038,60,0,0,6,1848
0,29,1038,60,0,0,6,1848
0,29,1036,60,0,0,6,1848
0,29,1036,60,0,0,6,1848
0,29,1036,60,0,0,6,1848
0,29,1035,60,0,0,6,1848
0,29,1035,60,0,0,6,1848
0,29,1035,60,0,0,6,1848
0,29,1035,60,0,0,6,1848
0,29,1035,60,0,0,6,1848
0,29,1035,60,0,0,6,1848
0,29,1035,60,0,0,7,1848
0,29,1034,60,0,0,6,1847
0,29,1034,60,0,0,6,1845
0,29,1034,60,0,0,6,1845
0,29,1033,60,0,0,6,1843
0,29,1032,60,0,0,6,1843
0,29,1032,60,0,0,6,1841
0,29,1032,60,0,0,6,1839
0,29,1032,60,0,0,6,1838
0,29,1032,60,0,0,6,1838
0,29,1032,60,0,0,6,1838
0,29,1031,60,0,0,6,1838
0,29,1031,60,0,0,6,1837
0,29,1030,60,0,0,6,1837
0,29,1029,60,0,0,6,1837
0,29,1028,60,0,0,6,1835
0,29,1028,60,0,0,6,1835
0,29,1028,60,0,0,6,1835
0,29,1027,60,0,0,6,1835
0,29,1027,60,0,0,6,1835
0,29,1027,60,0,0,6,1835
0,29,1027,60,0,0,6,1834
0,29,1027,60,0,0,6,1834
0,29,1027,60,0,0,6,1834
0,29,1027,60,0,0,6,1833
0,29,1027,60,0,0,6,1833
0,29,1027,60,0,0,6,1833
0,29,1027,60,0,0,6,1833
0,29,1026,60,0,0,6,1833
0,29,1024,60,0,0,6,1834
0,29,1022,60,0,0,6,1833
0,29,1022,60,0,0,6,1833
0,29,1022,60,0,0,6,1831
0,29,1022,60,0,0,6,1831
0,29,1022,60,0,0,6,1831
0,29,1022,60,0,0,6,1831
0,29,1022,60,0,0,6,1830
0,29,1021,60,0,0,6,1830
0,29,1021,60,0,0,6,1830
0,29,1021,60,0,0,6,1830
0,29,1021,60,0,0,6,1830
0,29,1021,60,0,0,6,1830
0,29,1021,60,0,0,6,1830
0,29,1021,60,0,0,6,1830
0,29,1021,60,0,0,6,1830
0,29,1021,60,0,0,6,1830
0,29,1021,60,0,0,6,1830
0,29,1021,60,0,0,20,1830
0,29,1021,60,0,0,20,1830
0,29,1021,60,0,0,30,1830
0,29,1026,60,0,0,26,1833
0,29,1032,60,0,0,9,1837
0,29,1033,60,0,0,17,1836
0,29,1036,60,0,0,8,1839
0,29,1039,60,0,0,12,1839
0,29,1041,60,0,0,7,1841
0,29,1041,60,0,0,6,1841
0,29,1041,60,0,0,6,1841
0,29,1041,60,0,0,6,1841
0,29,1041,60,0,0,6,1841
0,29,1039,60,0,0,6,1841
0,29,1038,60,0,0,6,1841
0,29,1038,60,0,0,6,1840
0,29,1038,60,0,0,6,1840
0,29,1038,60,0,0,6,1840
0,29,1037,60,0,0,5,1840
0,29,1037,60,0,0,5,1840
0,29,1036,60,0,0,5,1840
0,29,1034,60,0,0,5,1838
0,29,1033,60,0,0,5,1838
0,29,1033,60,0,0,5,1838
0,29,1032,60,0,0,5,1838
0,29,1031,60,0,0,5,1838
0,29,1031,60,0,0,5,1838
0,29,1031,60,0,0,5,1838
0,29,1031,60,0,0,5,1838
0,29,1031,60,0,0,5,1838
0,29,1029,60,0,0,5,1838
0,29,1029,60,0,0,5,1838
0,29,1030,60,0,0,5,1836
0,29,1029,61,0,0,5,1836
0,29,1026,60,0,0,5,1835
0,29,1026,60,0,0,5,1834
0,29,1026,60,0,0,5,1834
0,29,1025,60,0,0,5,1834
0,29,1022,60,0,0,5,1834
0,29,1022,60,0,0,5,1833
0,29,1021,60,0,0,5,1833
0,29,1021,60,0,0,5,1833
0,29,1020,60,0,0,5,1833
0,29,1018,60,0,0,5,1833
0,29,1018,60,0,0,5,1832
0,29,1016,60,0,0,5,1830
0,29,1014,60,0,0,5,1830
0,29,1014,60,0,0,5,1830
0,29,1013,60,0,0,5,1830
0,29,1013,60,0,0,5,1830
0,29,979,127,0,0,3,1727
0,29,935,183,0,0,3,1626
0,29,915,174,0,0,2,1567
0,29,915,174,0,0,2,1567
0,29,900,134,0,0,2,1539
0,29,894,124,0,0,1,1524
0,29,894,124,0,0,1,1524
0,29,892,102,0,0,1,1519
0,29,891,96,0,0,1,1514
0,29,891,96,0,0,1,1514
0,29,891,96,0,0,1,1514
0,29,888,90,0,0,1,1513
0,29,888,87,0,0,1,1512
0,29,888,87,0,0,1,1512
0,29,888,86,0,0,1,1511
0,29,888,86,0,0,1,1511
0,29,888,85,0,0,1,1511
0,29,888,85,0,0,1,1511
0,29,887,85,0,0,1,1511
0,29,887,85,0,0,1,1511
0,29,887,85,0,0,1,1511
0,29,887,85,0,0,1,1511
0,29,887,85,0,0,1,1511
0,29,887,85,0,0,1,1511
0,29,887,85,0,0,1,1511
0,29,887,85,0,0,1,1511
0,29,887,85,0,0,1,1511
0,29,887,85,0,0,1,1511
0,29,887,85,0,0,1,1510
0,29,887,85,0,0,1,1508
0,29,887,85,0,0,1,1508
0,29,887,85,0,0,1,1508
0,29,887,85,0,0,1,1508
0,29,887,85,0,0,1,1508
0,29,887,85,0,0,1,1508
0,29,887,85,0,0,1,1508
0,29,887,85,0,0,1,1508
0,29,887,85,0,0,1,1508
0,29,887,85,0,0,1,1508
0,29,887,85,0,0,1,1508
0,29,887,85,0,0,1,1508
0,29,887,85,0,0,1,1508
0,29,887,85,0,0,1,1508
0,29,887,85,0,0,1,1508
0,29,887,85,0,0,1,1508
0,29,887,85,0,0,1,1508
0,29,887,85,0,0,1,1508
0,29,887,85,0,0,1,1508
0,29,887,85,0,0,1,1508
0,29,887,84,0,0,1,1508
0,29,887,84,0,0,1,1508
0,29,887,84,0,0,1,1508
0,29,887,84,0,0,1,1508
0,29,887,84,0,0,1,1508
0,29,887,84,0,0,1,1508
0,29,887,84,0,0,1,1508
0,29,887,84,0,0,1,1508
0,29,887,84,0,0,1,1508
0,29,887,84,0,0,1,1508
0,29,887,84,0,0,1,1508
0,29,887,84,0,0,1,1508
0,29,887,84,0,0,1,1508
0,29,887,84,0,0,1,1508
0,29,887,84,0,0,1,1508
0,29,887,84,0,0,1,1508
0,29,887,84,0,0,1,1508
0,29,887,84,0,0,1,1508
0,29,887,84,0,0,1,1508
0,29,887,84,0,0,1,1508
0,29,887,84,0,0,1,1508
0,29,887,84,0,0,1,1508
0,29,887,84,0,0,1,1508
0,29,887,84,0,0,1,1508
0,29,887,84,0,0,1,1508
0,29,887,84,0,0,1,1508
0,29,887,84,0,0,1,1508
0,29,887,84,0,0,1,1508
0,29,887,84,0,0,1,1508
0,29,887,84,0,0,1,1508
0,29,887,84,0,0,1,1508
0,29,887,84,0,0,1,1508
0,29,887,84,0,0,1,1508
0,29,887,84,0,0,1,1508
0,29,887,84,0,0,1,1508
0,29,887,84,0,0,1,1508
0,29,887,84,0,0,1,1508
0,29,887,84,0,0,1,1508
0,29,887,84,0,0,1,1508
0,29,887,84,0,0,1,1508
0,29,887,84,0,0,1,1508
0,29,887,84,0,0,1,1508
0,29,887,84,0,0,1,1508
0,29,887,84,0,0,1,1508
0,29,887,84,0,0,1,1508
0,29,887,84,0,0,1,1508
0,29,887,84,0,0,1,1508
0,29,887,84,0,0,1,1508
0,29,887,84,0,0,1,1508
0,29,886,84,0,0,1,1508
0,29,886,84,0,0,1,1508
0,29,885,84,0,0,1,1507
0,29,885,84,0,0,1,1507
0,29,885,84,0,0,1,1507
0,29,885,84,0,0,1,1507
0,29,885,84,0,0,1,1507
0,29,885,84,0,0,1,1507
0,29,885,84,0,0,1,1506
0,29,885,84,0,0,1,1506
0,29,884,84,0,0,1,1506
0,29,884,84,0,0,1,1506
0,29,884,84,0,0,1,1506
0,29,884,84,0,0,1,1506
0,29,884,84,0,0,49,1506
0,29,884,84,0,0,49,1506
0,29,888,84,0,0,23,1526
0,29,888,84,0,0,23,1526
0,29,891,84,0,0,14,1530
0,29,893,84,0,0,9,1532
0,29,893,84,0,0,9,1532
0,29,892,84,0,0,3,1538
0,29,892,84,0,0,3,1538
0,29,893,84,0,0,29,1537
0,29,893,84,0,0,29,1537
0,29,901,84,0,0,16,1540
0,29,901,84,0,0,16,1540
0,29,904,84,0,0,9,1544
0,29,904,84,0,0,9,1544
0,29,904,84,0,0,29,1546
0,29,904,84,0,0,29,1546
0,29,905,84,0,0,14,1557
0,29,904,84,0,0,10,1561
0,29,904,84,0,0,10,1561
0,29,904,84,0,0,26,1561
0,29,907,84,0,0,21,1562
0,29,914,84,0,0,9,1565
0,29,914,84,0,0,9,1565
0,29,917,84,0,0,4,1567
0,29,917,84,0,0,19,1567
0,29,917,84,0,0,17,1568
0,29,917,84,0,0,17,1568
0,29,918,84,0,0,9,1573
0,29,918,84,0,0,7,1574
0,29,918,84,0,0,7,1574
0,29,919,84,0,0,3,1576
0,29,919,84,0,0,3,1576
0,29,916,84,0,0,2,1577
0,29,916,84,0,0,2,1577
0,29,913,85,0,0,2,1575
0,29,913,84,0,0,46,1573
0,29,913,84,0,0,46,1573
0,29,922,84,0,0,22,1585
0,29,922,84,0,0,22,1585
0,29,926,84,0,0,10,1593
0,29,926,84,0,0,10,1593
0,29,926,84,0,0,7,1594
0,29,926,84,0,0,61,1594
0,29,926,84,0,0,60,1594
0,29,926,84,0,0,60,1594
0,29,939,84,0,0,30,1603
0,29,939,84,0,0,30,1603
0,29,949,84,0,0,16,1607
0,29,949,84,0,0,16,1607
0,29,953,84,0,0,9,1607
0,29,953,84,0,0,58,1607
0,29,954,84,0,0,54,1607
0,29,954,84,0,0,54,1607
0,29,966,84,0,0,29,1615
0,29,966,84,0,0,29,1615
0,29,966,84,0,0,29,1615
0,29,966,84,0,0,44,1615
0,29,972,84,0,0,28,1622
0,29,972,84,0,0,28,1622
0,29,974,84,0,0,21,1625
0,29,974,84,0,0,21,1625
0,29,979,84,0,0,45,1632
0,29,979,84,0,0,45,1632
0,29,986,84,0,0,20,1643
0,29,986,84,0,0,20,1643
0,29,986,84,0,0,20,1643
0,29,986,84,0,0,20,1643
0,29,986,84,0,0,35,1643
0,29,994,84,0,0,13,1654
0,29,994,84,0,0,13,1654
0,29,994,84,0,0,13,1654
0,29,1001,84,0,0,12,1661
0,29,1001,84,0,0,12,1661
0,29,1001,84,0,0,12,1661
0,29,1005,84,0,0,5,1662
0,29,1005,84,0,0,5,1662
0,29,1005,84,0,0,5,1662
0,29,1006,84,0,0,2,1663
0,29,1005,84,0,0,2,1663
0,29,1005,84,0,0,2,1663
0,29,1004,84,0,0,17,1663
0,29,1004,84,0,0,17,1663
0,29,1004,84,0,0,17,1663
0,29,1005,84,0,0,21,1665
0,29,1005,84,0,0,21,1665
0,29,1005,84,0,0,21,1665
0,29,1009,84,0,0,23,1666
0,29,1009,84,0,0,23,1666
0,29,1013,84,0,0,8,1671
0,29,1017,84,0,0,11,1672
0,29,1017,84,0,0,22,1672
0,29,1018,84,0,0,18,1672
0,29,1018,84,0,0,18,1672
0,29,1020,84,0,0,8,1673
0,29,1020,84,0,0,8,1673
0,29,1021,84,0,0,4,1674
0,29,1021,84,0,0,4,1674
0,29,1023,84,0,0,12,1673
0,29,1023,84,0,0,12,1673
0,29,1023,84,0,0,7,1675
0,29,1023,84,0,0,7,1675
0,29,1022,84,0,0,2,1678
0,29,1022,84,0,0,2,1678
0,29,1020,84,0,0,1,1679
0,29,1020,84,0,0,1,1679
0,29,1019,84,0,0,1,1679
0,29,1019,84,0,0,12,1679
0,29,1018,84,0,0,12,1679
0,29,1018,84,0,0,12,1679
0,29,1018,84,0,0,10,1679
0,29,1018,84,0,0,10,1679
0,29,1018,84,0,0,10,1679
0,29,1014,84,0,0,7,1681
0,29,1014,84,0,0,7,1681
0,29,1009,84,0,0,16,1683
0,29,1009,84,0,0,16,1683
0,29,1009,84,0,0,10,1688
0,29,1009,84,0,0,10,1688
0,29,1008,84,0,0,8,1687
0,29,1008,84,0,0,18,1687
0,29,1007,84,0,0,7,1697
0,29,1007,84,0,0,7,1697
0,29,1007,84,0,0,4,1697
0,29,1007,84,0,0,7,1697
0,29,1007,84,0,0,5,1696
0,29,1007,84,0,0,5,1696
0,29,1008,84,0,0,4,1696
0,29,1008,84,0,0,4,1696
0,29,1008,84,0,0,4,1696
0,29,1008,84,0,0,3,1695
0,29,1008,84,0,0,14,1695
0,29,1007,84,0,0,13,1696
0,29,1007,84,0,0,13,1696
0,29,1009,84,0,0,7,1698
0,29,1009,84,0,0,7,1698
0,29,1012,84,0,0,4,1698
0,29,1012,84,0,0,14,1698
0,29,1012,84,0,0,14,1698
0,29,1013,85,0,0,6,1702
0,29,1013,85,0,0,4,1703
0,29,1013,85,0,0,4,1703
0,29,1013,84,0,0,14,1703
0,29,1013,84,0,0,14,1703
0,29,1014,84,0,0,8,1706
0,29,1014,84,0,0,8,1706
0,29,1013,84,0,0,6,1706
0,29,1013,84,0,0,11,1706
0,29,1011,84,0,0,7,1708
0,29,1014,84,0,0,3,1708
0,29,1014,84,0,0,3,1708
0,29,1014,84,0,0,1,1709
0,29,1014,84,0,0,5,1709
0,29,1012,84,0,0,5,1708
0,29,1012,84,0,0,5,1708
0,29,1009,84,0,0,4,1708
0,29,1011,84,0,0,3,1707
0,29,1011,84,0,0,3,1707
0,29,1012,84,0,0,2,1706
0,29,1012,84,0,0,2,1706
0,29,1012,84,0,0,1,1707
0,29,1012,84,0,0,1,1707
0,29,1011,84,0,0,1,1707
0,29,1011,84,0,0,1,1707
0,29,1008,84,0,0,1,1707
0,29,1006,84,0,0,1,1707
0,29,1006,84,0,0,9,1707
0,29,1004,84,0,0,9,1704
0,29,1004,84,0,0,9,1704
0,29,1005,84,0,0,6,1704
0,29,1005,84,0,0,6,1704
0,29,1003,84,0,0,8,1706
0,29,1003,84,0,0,8,1706
0,29,1004,84,0,0,5,1706
0,29,1005,84,0,0,2,1706
0,29,1005,84,0,0,2,1706
0,29,1005,84,0,0,3,1706
0,29,1003,84,0,0,3,1705
0,29,1003,84,0,0,3,1705
0,29,1002,84,0,0,2,1705
0,29,1002,84,0,0,3,1705
0,29,1002,84,0,0,2,1706
0,29,1002,84,0,0,2,1706
0,29,1002,84,0,0,2,1706
0,29,1002,84,0,0,2,1706
0,29,1002,84,0,0,1,1707
0,29,1002,84,0,0,1,1707
0,29,1002,84,0,0,6,1707
0,29,1002,84,0,0,6,1707
0,29,1002,84,0,0,2,1709
0,29,1002,84,0,0,2,1709
0,29,1002,84,0,0,1,1710
0,29,1000,84,0,0,1,1709
0,29,1000,84,0,0,1,1709
0,29,1000,84,0,0,1,1709
0,29,1000,84,0,0,1,1709
0,29,1000,84,0,0,1,1709
0,29,1000,84,0,0,1,1709
0,29,1000,84,0,0,1,1709
0,29,1000,84,0,0,1,1709
0,29,1000,84,0,0,1,1709
0,29,1000,84,0,0,1,1709
0,29,1001,84,0,0,1,1708
0,29,1001,84,0,0,1,1708
0,29,1001,84,0,0,1,1708
0,29,1001,84,0,0,1,1708
0,29,1001,84,0,0,1,1708
0,29,1001,84,0,0,10,1708
0,29,1000,84,0,0,10,1705
0,29,1000,84,0,0,10,1705
0,29,1001,84,0,0,4,1705
0,29,1001,84,0,0,1,1705
0,29,1001,84,0,0,11,1705
0,29,1001,84,0,0,11,1705
0,29,1001,84,0,0,11,1705
0,29,1001,84,0,0,11,1705
0,29,1001,84,0,0,9,1707
0,29,1001,84,0,0,11,1707
0,29,1002,84,0,0,5,1711
0,29,1002,84,0,0,5,1711
0,29,1002,84,0,0,5,1711
0,29,1002,84,0,0,5,1711
0,29,1002,84,0,0,2,1714
0,29,1001,84,0,0,2,1714
0,29,1001,84,0,0,9,1714
0,29,1001,84,0,0,8,1714
