time,accurate,cf_over_specified,cf_under_specified,cf_over_and_under_specified,errored,definder_version,audit_creation_version
1605810777.2290933,456,75,235,85,521,2.6.0,1
1605814385.8877432,764,144,404,157,839,2.6.0,1
1605817975.3431838,1079,215,572,229,1146,2.6.0,1
1605821559.999472,1382,311,767,342,1479,2.6.0,1
1605828787.8774624,1576,360,864,412,1727,2.6.0,1
1605837433.5378664,1858,465,1086,577,2167,2.6.0,1
1605842212.6373641,2021,526,1212,629,2389,2.6.0,1
1605844083.0996068,2021,526,1212,629,2389,2.6.0,1
1605847690.6473932,2021,526,1212,629,2389,2.6.0,1
1605851391.0036426,2021,526,1212,629,2389,2.6.0,1
1605854968.5083482,2021,526,1212,629,2389,2.6.0,1
1605858506.1762028,2021,526,1212,629,2389,2.6.0,1
1605862112.3327603,2021,526,1212,629,2389,2.6.0,1
1605865686.2636144,2021,526,1212,629,2389,2.6.0,1
1605869298.7666786,2021,526,1212,629,2389,2.6.0,1
1605872895.9179955,2021,526,1212,629,2389,2.6.0,1
1605876628.9056504,2021,526,1212,629,2389,2.6.0,1
1605880120.8041375,2021,526,1212,629,2389,2.6.0,1
1605883694.7907443,2021,526,1212,629,2389,2.6.0,1
1605891474.9661665,2021,526,1212,629,2389,2.6.0,1
1605894502.472886,2021,526,1212,629,2389,2.6.0,1
1605898104.2879078,2021,526,1211,630,2389,2.6.0,1
1605904361.7329643,271,41,144,47,275,2.6.0,2
1605907964.3389254,314,49,216,91,88,2.6.1,2
1605911546.1438746,651,125,493,221,167,2.6.1,2
1605915215.7119563,987,205,744,330,231,2.6.1,2
1605918684.7270331,1434,322,1059,484,329,2.6.1,2
1605923782.3332355,1754,425,1312,652,426,2.6.1,2
1605929513.5010827,2101,533,1602,937,544,2.6.1,2
1605933114.4225729,2397,645,1913,1107,651,2.6.1,2
1605934329.3915122,2415,653,1937,1115,658,2.6.1,2
1605937648.7027574,2415,653,1937,1115,658,2.6.1,2
1605941307.800829,2415,653,1937,1115,658,2.6.1,2
1605944880.12698,2415,653,1937,1115,658,2.6.1,2
1605948474.1387892,2415,653,1937,1115,658,2.6.1,2
1605952076.341216,2416,653,1937,1115,658,2.6.1,2
1605955685.2963462,2416,653,1937,1115,658,2.6.1,2
1605959215.7637086,2416,653,1937,1115,658,2.6.1,2
1605962921.9605167,2416,653,1937,1115,659,2.6.1,2
1605966436.8734465,2416,653,1937,1115,659,2.6.1,2
1605970016.5242572,2416,653,1937,1115,659,2.6.1,2
1605973608.4394906,2416,653,1937,1115,659,2.6.1,2
1605977618.964304,2416,653,1937,1115,659,2.6.1,2
1605980866.3455343,2416,653,1937,1115,659,2.6.1,2
1605984462.485486,2416,653,1937,1115,661,2.6.1,2
1605988052.919362,2417,652,1938,1115,660,2.6.1,2
1605991664.7677364,2417,652,1938,1115,660,2.6.1,2
1605995217.0962522,2417,652,1938,1115,660,2.6.1,2
1605998817.1696389,2417,652,1938,1115,660,2.6.1,2
1606002444.4059494,2417,652,1938,1115,660,2.6.1,2
1606007633.5596797,2417,652,1938,1115,660,2.6.1,2
1606009771.297133,2417,652,1938,1115,660,2.6.1,2
1606013237.911322,2417,652,1938,1115,660,2.6.1,2
1606016847.23283,2417,652,1938,1115,660,2.6.1,2
1606020409.2612,2417,652,1938,1115,660,2.6.1,2
1606024022.1424131,2417,652,1938,1115,660,2.6.1,2
1606027706.8308854,2417,652,1938,1115,660,2.6.1,2
1606031219.6410458,2417,652,1938,1115,660,2.6.1,2
1606034798.0004463,2417,652,1938,1115,660,2.6.1,2
1606038430.6632147,2417,652,1938,1115,660,2.6.1,2
1606042006.710922,2417,652,1938,1115,660,2.6.1,2
1606045631.9822454,2417,652,1938,1115,660,2.6.1,2
1606049358.969317,2417,652,1938,1115,660,2.6.1,2
1606052819.9775777,2417,652,1938,1115,660,2.6.1,2
1606056430.3942115,2416,652,1939,1115,660,2.6.1,2
1606060046.289237,2416,652,1939,1115,660,2.6.1,2
1606064040.7390602,2416,652,1939,1115,660,2.6.1,2
1606067222.555331,2416,652,1939,1115,660,2.6.1,2
1606070863.5544097,2416,653,1939,1115,660,2.6.1,2
1606074472.4466007,2416,653,1940,1115,660,2.6.1,2
1606078036.7501538,2416,653,1940,1115,660,2.6.1,2
1606081682.363908,2416,653,1941,1114,660,2.6.1,2
1606164817.864095,323,51,233,89,15,2.6.2,3
1606168327.3336947,681,132,500,247,30,2.6.2,3
1606172064.0279415,1069,232,742,403,55,2.6.2,3
1606175502.1757526,1571,360,1029,619,101,2.6.2,3
1606179648.5834332,1923,473,1289,862,154,2.6.2,3
1606183501.1765656,2226,584,1522,1158,217,2.6.2,3
1606189976.1196587,2509,683,1749,1387,263,2.6.2,3
1606195076.1850076,2574,716,1797,1438,269,2.6.2,3
1606198113.232344,2574,716,1797,1438,269,2.6.2,3
1606201727.8339624,2574,716,1797,1438,269,2.6.2,3
1606205386.5311656,2574,716,1798,1438,269,2.6.2,3
1606208892.2963095,2574,716,1798,1438,269,2.6.2,3
1606212552.2988923,2574,716,1798,1438,269,2.6.2,3
1606216053.9819934,2574,716,1798,1438,269,2.6.2,3
1606219766.5544698,2574,717,1798,1437,269,2.6.2,3
1606223287.1455345,2574,717,1798,1437,269,2.6.2,3
1606226921.9096773,2574,717,1798,1437,269,2.6.2,3
1606230513.5221093,2574,717,1798,1437,269,2.6.2,3
1606234262.237653,2573,717,1799,1437,269,2.6.2,3
1606237721.3850572,2572,717,1800,1437,269,2.6.2,3
1606241354.3934956,2572,717,1800,1437,269,2.6.2,3
1606244909.1391304,2573,717,1800,1437,269,2.6.2,3
1606248514.1472769,2573,718,1800,1438,269,2.6.2,3
1606252078.7757502,2573,718,1800,1438,269,2.6.2,3
1606255734.0261889,2573,718,1800,1438,269,2.6.2,3
1606259322.9876819,2573,718,1799,1439,269,2.6.2,3
1606265918.6370642,399,65,258,113,25,2.7.0,3
1606267382.457967,7,5,6,4,1,2.7.0,4
1606270204.2598884,30,5,15,6,1,2.7.0,4
1606306226.6199646,2907,796,1845,975,280,2.7.0,4
1606309690.3960876,2907,796,1845,975,280,2.7.0,4
1606313357.7850573,2907,796,1845,975,280,2.7.0,4
1606316929.3023586,2907,796,1845,975,280,2.7.0,4
1606320637.2469099,2907,796,1845,975,280,2.7.0,4
1606324153.9138663,2908,796,1844,975,280,2.7.0,4
1606327770.4419107,2908,796,1843,976,280,2.7.0,4
1606331242.9858792,2908,796,1843,976,280,2.7.0,4
1606334884.8603947,2907,796,1844,976,280,2.7.0,4
1606338493.0133204,2907,796,1844,976,280,2.7.0,4
1606342156.5839105,2908,796,1844,976,279,2.7.0,4
1606345726.8576837,2909,796,1845,976,279,2.7.0,4
1606349699.4458346,2909,796,1845,978,279,2.7.0,4
1606353666.550632,2909,796,1845,978,279,2.7.0,4
1606356581.3776486,2910,796,1844,979,279,2.7.0,4
1606360094.5478055,2910,796,1844,979,279,2.7.0,4
1606363761.209598,2910,796,1844,979,279,2.7.0,4
1606367318.8341947,2910,796,1844,979,279,2.7.0,4
1606370963.0212452,2910,796,1844,979,279,2.7.0,4
1606374520.1719253,2910,796,1844,979,279,2.7.0,4
1606378171.1944118,2910,796,1844,979,279,2.7.0,4
1606381716.996647,2910,796,1844,979,279,2.7.0,4
1606385299.829613,2910,796,1844,979,279,2.7.0,4
1606388887.9078174,2910,796,1844,979,279,2.7.0,4
1606392591.7218401,2910,796,1844,979,279,2.7.0,4
1606396128.9702928,2910,796,1844,979,279,2.7.0,4
1606399783.3166666,2909,797,1844,979,279,2.7.0,4
1606403306.552015,2909,797,1844,979,279,2.7.0,4
1606407040.2994537,2909,797,1844,979,279,2.7.0,4
1606410533.7417185,2909,797,1844,979,279,2.7.0,4
1606414101.8437207,2909,797,1844,979,279,2.7.0,4
1606417678.8576937,2909,797,1844,979,279,2.7.0,4
1606421330.5461833,2909,797,1844,979,279,2.7.0,4
1606424930.804979,2913,798,1845,980,279,2.7.0,4
1606428536.0337186,2913,798,1846,980,279,2.7.0,4
1606432101.7050548,2913,798,1846,980,279,2.7.0,4
1606436085.562235,2914,798,1846,982,279,2.7.0,4
1606440224.4269817,2914,798,1846,982,279,2.7.0,4
1606442976.8435118,2914,798,1846,982,279,2.7.0,4
1606446569.6392012,2914,798,1846,982,279,2.7.0,4
1606450136.1900256,2914,798,1846,982,279,2.7.0,4
1606453745.625045,2914,798,1846,982,279,2.7.0,4
1606457361.2443347,2915,798,1846,982,279,2.7.0,4
1606460945.6792848,2915,798,1846,982,279,2.7.0,4
1606464593.4720669,2915,798,1846,982,279,2.7.0,4
1606468148.4607215,2915,798,1846,982,279,2.7.0,4
1606471755.0599449,2915,798,1846,982,279,2.7.0,4
1606475299.1781528,2915,798,1846,982,279,2.7.0,4
1606478995.9770474,2915,798,1846,982,279,2.7.0,4
1606482529.5044951,2915,798,1846,982,279,2.7.0,4
1606486159.3691032,2915,798,1846,983,279,2.7.0,4
1606489724.0778418,2915,798,1846,983,279,2.7.0,4
1606493474.1932583,2915,798,1846,983,279,2.7.0,4
1606496866.481746,2915,798,1846,983,279,2.7.0,4
1606500461.4178116,2915,798,1846,983,279,2.7.0,4
1606504093.0552697,2915,798,1846,983,279,2.7.0,4
1606507694.1608562,2915,798,1846,983,279,2.7.0,4
1606511344.6136417,2915,798,1846,983,279,2.7.0,4
1606515010.0808952,2915,798,1846,983,279,2.7.0,4
1606518579.7477682,2915,798,1846,983,279,2.7.0,4
1606522485.8212717,2915,798,1846,983,279,2.7.0,4
1606526605.301918,2915,798,1846,983,279,2.7.0,4
1606529340.1986685,2915,798,1846,983,279,2.7.0,4
1606533275.1695757,2915,798,1846,983,279,2.7.0,4
1606536648.3189704,2915,798,1846,983,279,2.7.0,4
1606540060.1143217,2915,798,1846,983,279,2.7.0,4
1606543818.380085,2915,798,1846,983,279,2.7.0,4
1606547339.9216278,2915,798,1846,983,279,2.7.0,4
1606551010.3911557,2915,798,1846,983,279,2.7.0,4
1606554547.8663645,2915,798,1846,983,279,2.7.0,4
1606558140.100869,2915,798,1846,983,279,2.7.0,4
1606561721.2920654,2915,798,1846,983,279,2.7.0,4
1606565432.1316059,2915,798,1846,983,279,2.7.0,4
1606568889.1649492,2915,798,1846,983,279,2.7.0,4
1606572599.306028,2915,798,1846,983,279,2.7.0,4
1606576088.785965,2915,798,1846,983,279,2.7.0,4
1606579861.9903796,2915,798,1846,983,279,2.7.0,4
1606583326.0868096,2915,798,1846,983,279,2.7.0,4
1606586952.239077,2915,798,1846,983,279,2.7.0,4
1606590520.9150019,2915,798,1846,983,279,2.7.0,4
1606594153.507788,2915,798,1846,983,279,2.7.0,4
1606597717.8614378,2915,798,1846,983,279,2.7.0,4
1606601329.3261008,2915,798,1846,983,279,2.7.0,4
1606604902.1973588,2915,798,1846,983,279,2.7.0,4
1606608889.4950008,2915,798,1846,983,279,2.7.0,4
1606613304.7951186,2915,798,1846,983,279,2.7.0,4
1606615805.432013,2916,798,1846,983,279,2.7.0,4
1606619322.1211584,2916,798,1846,983,279,2.7.0,4
1606622975.4622169,2916,798,1846,983,279,2.7.0,4
1606626513.315356,2916,798,1846,984,278,2.7.0,4
1606630168.3323483,2917,798,1846,984,277,2.7.0,4
1606633695.6803772,2917,798,1846,984,277,2.7.0,4
1606637341.6858265,2917,798,1846,984,277,2.7.0,4
1606640899.5765524,2917,798,1846,984,277,2.7.0,4
1606644507.831633,2917,799,1846,983,277,2.7.0,4
1606648139.9314284,2917,799,1846,983,277,2.7.0,4
1606651782.2007313,2917,799,1846,983,277,2.7.0,4
1606655293.0485961,2917,799,1846,983,277,2.7.0,4
1606658958.8459747,2917,799,1846,983,277,2.7.0,4
1606662500.943501,2917,799,1846,983,277,2.7.0,4
1606666227.3460948,2917,799,1846,983,277,2.7.0,4
1606669691.79961,2917,799,1846,983,277,2.7.0,4
1606673333.303024,2917,799,1846,983,277,2.7.0,4
1606676867.6664991,2917,799,1846,983,277,2.7.0,4
1606680548.0788674,2917,799,1846,983,277,2.7.0,4
1606684061.5529578,2917,799,1846,983,277,2.7.0,4
1606687730.492381,2917,799,1846,983,277,2.7.0,4
1606691344.031669,2917,799,1846,983,277,2.7.0,4
1606695281.168143,2917,799,1846,983,277,2.7.0,4
1606699633.910704,2917,799,1846,983,277,2.7.0,4
1606702192.15018,2917,799,1846,983,277,2.7.0,4
1606705695.320823,2917,799,1846,983,277,2.7.0,4
1606709389.424197,2917,799,1846,983,277,2.7.0,4
1606712942.949842,2917,799,1846,983,277,2.7.0,4
1606716536.327735,2917,799,1846,983,277,2.7.0,4
1606720171.9719665,2917,799,1846,983,277,2.7.0,4
1606723792.2302616,2916,799,1848,982,277,2.7.0,4
1606727334.126216,2916,799,1848,982,277,2.7.0,4
1606730958.759756,2919,799,1848,982,277,2.7.0,4
1606734523.9366689,2919,799,1848,982,277,2.7.0,4
1606738248.14073,2919,799,1849,983,276,2.7.0,4
1606741716.7967334,2919,799,1849,983,276,2.7.0,4
1606745390.4997177,2919,799,1850,983,276,2.7.0,4
1606749007.0844119,2919,799,1850,983,276,2.7.0,4
1606752697.7375686,2919,799,1850,983,276,2.7.0,4
1606756569.940416,2919,799,1850,983,276,2.7.0,4
1606759752.1153746,2919,799,1852,983,276,2.7.0,4
1606763273.9858263,2919,799,1852,983,276,2.7.0,4
1606766962.906506,2919,799,1852,983,276,2.7.0,4
1606770469.8188703,2920,798,1852,983,276,2.7.0,4
1606774153.4326794,2920,798,1852,983,276,2.7.0,4
1606777741.3228245,2920,798,1853,983,275,2.7.0,4
1606781733.6867607,2920,798,1853,983,275,2.7.0,4
1606786090.9080296,2920,798,1853,983,275,2.7.0,4
1606788515.49886,2920,798,1853,983,275,2.7.0,4
1606792130.740031,2920,798,1853,983,275,2.7.0,4
1606795805.3811343,2920,798,1853,983,275,2.7.0,4
1606799330.3899164,2920,798,1853,983,275,2.7.0,4
1606802966.7419813,2920,798,1853,983,275,2.7.0,4
1606806515.7610486,2920,798,1853,983,275,2.7.0,4
1606810216.1289864,2920,798,1854,983,276,2.7.0,4
1606813819.8400784,2920,798,1854,983,276,2.7.0,4
1606817406.9611301,2921,798,1854,983,276,2.7.0,4
1606820895.7848516,2921,798,1854,983,276,2.7.0,4
1606824621.701865,2921,798,1854,983,276,2.7.0,4
1606828103.6806426,2921,798,1854,983,276,2.7.0,4
1606831763.0148551,2921,798,1854,983,276,2.7.0,4
1606835403.4322615,2921,798,1854,983,276,2.7.0,4
1606841186.2681315,2921,798,1853,984,276,2.7.0,4
1606856122.1040912,2925,798,1856,986,275,2.7.0,4
1606858197.5084746,2925,798,1856,986,275,2.7.0,4
1606860528.462702,2925,798,1856,986,275,2.7.0,4
1606864097.94788,2925,798,1856,986,275,2.7.0,4
1606868046.9918034,2925,798,1856,986,275,2.7.0,4
1606872417.758983,2925,798,1856,986,275,2.7.0,4
1606874979.9415548,2925,798,1856,986,275,2.7.0,4
1606878607.4432251,2930,803,1857,987,276,2.7.0,4
1606882253.768568,2931,803,1857,987,276,2.7.0,4
1606885811.9246697,2931,803,1857,987,276,2.7.0,4
1606889393.621096,2931,803,1857,987,276,2.7.0,4
1606892988.076577,2931,803,1856,987,277,2.7.0,4
1606896641.5706425,2931,803,1856,987,277,2.7.0,4
1606900152.9190693,2931,803,1856,987,277,2.7.0,4
1606903797.3694708,2931,803,1856,987,277,2.7.0,4
1606907371.4800005,2931,803,1856,987,277,2.7.0,4
1606911051.7697213,2931,803,1856,987,277,2.7.0,4
1606914594.8072927,2931,803,1856,987,277,2.7.0,4
1606918243.0435834,2930,803,1857,988,277,2.7.0,4
1606921784.032495,2930,803,1857,988,277,2.7.0,4
1606925798.3223972,2930,802,1857,989,277,2.7.0,4
1606929315.7899468,2930,802,1858,989,277,2.7.0,4
1606932540.448018,2930,802,1858,989,277,2.7.0,4
1606936109.2813315,2930,802,1858,989,277,2.7.0,4
1606939773.992848,2930,802,1858,989,277,2.7.0,4
1606943293.5540123,2930,802,1858,989,277,2.7.0,4
1606947017.6000926,2930,802,1858,989,277,2.7.0,4
1606950541.273641,2930,802,1858,989,277,2.7.0,4
1606954563.394371,2930,802,1858,989,277,2.7.0,4
1606958882.7522213,2930,802,1858,989,277,2.7.0,4
1606961398.7803102,2933,802,1860,989,276,2.7.0,4
1606964968.4774523,2933,802,1860,989,276,2.7.0,4
1606968608.8343463,2933,802,1860,989,276,2.7.0,4
1606972121.5800717,2933,802,1860,989,276,2.7.0,4
1606975754.8754277,2934,802,1860,989,276,2.7.0,4
1606979342.284241,2934,802,1860,989,276,2.7.0,4
1606983009.803058,2934,802,1860,989,276,2.7.0,4
1606986522.311454,2934,802,1860,989,276,2.7.0,4
1606990165.554291,2934,802,1860,989,276,2.7.0,4
1606993737.0779967,2934,802,1860,989,276,2.7.0,4
1606997511.3812072,2934,802,1860,990,275,2.7.0,4
1607000977.180607,2934,802,1860,990,275,2.7.0,4
1607004585.9580064,2934,802,1860,990,275,2.7.0,4
1607008129.6727672,2934,802,1860,990,275,2.7.0,4
1607011903.4796286,2933,802,1861,990,275,2.7.0,4
1607015524.7174537,2933,802,1861,990,275,2.7.0,4
1607019007.559906,2933,802,1860,991,275,2.7.0,4
1607022548.8992317,2933,802,1860,991,275,2.7.0,4
1607026129.611391,2933,802,1860,991,275,2.7.0,4
1607029770.4260707,2933,802,1861,991,275,2.7.0,4
1607033417.4570675,2933,802,1861,991,275,2.7.0,4
1607036987.1809084,2933,802,1861,991,275,2.7.0,4
1607040983.0876174,2934,803,1861,992,274,2.7.0,4
1607045367.441703,2934,803,1861,992,274,2.7.0,4
1607047786.0175703,2934,803,1861,992,274,2.7.0,4
1607051335.303631,2934,803,1861,992,274,2.7.0,4
1607055029.7823193,2934,803,1861,992,274,2.7.0,4
1607058581.0995467,2934,803,1861,992,274,2.7.0,4
1607062197.6099353,2934,803,1861,992,274,2.7.0,4
1607065753.7762334,2934,803,1861,992,274,2.7.0,4
1607069544.3267267,2934,803,1861,992,274,2.7.0,4
1607072965.9593542,2934,803,1861,992,274,2.7.0,4
1607076603.9263387,2934,803,1861,992,274,2.7.0,4
1607080186.7181365,2934,803,1861,992,274,2.7.0,4
1607083881.6751485,2934,803,1861,992,274,2.7.0,4
1607087359.504037,2934,803,1861,992,274,2.7.0,4
1607091045.7950084,2933,804,1861,992,274,2.7.0,4
1607094536.4178689,2933,804,1861,992,274,2.7.0,4
1607098315.092393,2933,804,1862,992,273,2.7.0,4
1607103314.862666,2933,804,1862,992,273,2.7.0,4
1607105347.9791336,2933,804,1862,992,273,2.7.0,4
1607108949.0783634,2933,805,1862,991,273,2.7.0,4
1607112520.6015794,2934,805,1863,991,273,2.7.0,4
1607116115.7872477,2934,805,1863,991,273,2.7.0,4
1607119871.6329007,2934,806,1863,991,273,2.7.0,4
1607123340.328699,2934,806,1863,991,273,2.7.0,4
1607127363.2565446,2934,806,1863,991,273,2.7.0,4
1607131855.0530593,2934,807,1863,991,273,2.7.0,4
1607134175.828455,2934,807,1864,991,273,2.7.0,4
1607137746.966747,2934,807,1864,991,273,2.7.0,4
1607141452.8034108,2934,807,1864,991,273,2.7.0,4
1607144993.7958593,2934,807,1864,991,273,2.7.0,4
1607148559.8743236,2934,807,1864,991,273,2.7.0,4
1607152183.839516,2934,807,1864,991,273,2.7.0,4
1607155820.7259986,2934,807,1864,991,273,2.7.0,4
1607159343.2367399,2934,807,1864,991,273,2.7.0,4
1607162966.6710107,2934,807,1864,991,273,2.7.0,4
1607166567.6641188,2934,807,1864,991,273,2.7.0,4
1607170257.8120656,2934,807,1864,991,273,2.7.0,4
1607173774.9176779,2934,807,1864,991,273,2.7.0,4
1607177396.7061422,2934,807,1864,991,273,2.7.0,4
1607180961.6314406,2934,807,1864,991,273,2.7.0,4
1607184676.9303946,2934,807,1864,991,273,2.7.0,4
1607188264.2003033,2934,807,1864,991,273,2.7.0,4
1607191766.6145139,2934,807,1864,991,273,2.7.0,4
1607195503.0870364,2934,807,1864,991,273,2.7.0,4
1607198953.9701753,2934,807,1864,991,273,2.7.0,4
1607202540.0452094,2934,807,1864,991,273,2.7.0,4
1607206256.4329326,2934,807,1864,993,273,2.7.0,4
1607209767.50991,2934,807,1864,993,273,2.7.0,4
1607213817.325554,2934,807,1864,994,273,2.7.0,4
1607218415.507977,2934,807,1864,994,273,2.7.0,4
1607220773.4902637,2934,807,1864,994,273,2.7.0,4
1607224137.4254854,2934,807,1864,994,273,2.7.0,4
1607227843.8192823,2934,807,1864,994,273,2.7.0,4
1607231352.281499,2934,807,1864,994,273,2.7.0,4
1607234975.3032482,2934,807,1864,994,273,2.7.0,4
1607238580.9974115,2934,807,1864,994,273,2.7.0,4
1607242191.2424653,2934,807,1864,994,273,2.7.0,4
1607245756.9228811,2934,807,1864,994,273,2.7.0,4
1607249375.0918696,2934,807,1864,994,273,2.7.0,4
1607252936.9221535,2934,807,1864,994,273,2.7.0,4
1607256656.2459197,2934,807,1864,994,273,2.7.0,4
1607260140.2125454,2934,807,1864,994,273,2.7.0,4
1607263781.0487683,2934,807,1864,994,273,2.7.0,4
1607267342.190135,2934,807,1864,994,273,2.7.0,4
1607271042.1875126,2934,807,1864,994,273,2.7.0,4
1607274770.8594675,2934,807,1864,994,273,2.7.0,4
1607278147.1630971,2934,807,1864,994,273,2.7.0,4
1607281796.456068,2933,807,1865,994,273,2.7.0,4
1607285363.8821657,2933,807,1865,994,273,2.7.0,4
1607288934.2291548,2933,807,1865,994,273,2.7.0,4
1607292638.063973,2933,807,1865,994,273,2.7.0,4
1607296136.4118404,2933,807,1865,994,273,2.7.0,4
1607300171.3079295,2933,807,1865,994,273,2.7.0,4
1607304824.4574533,2933,807,1865,994,273,2.7.0,4
1607307201.7205212,2933,807,1864,995,273,2.7.0,4
1607310602.3932846,2933,807,1864,995,273,2.7.0,4
1607314270.750312,2933,807,1864,995,273,2.7.0,4
1607317774.288066,2933,807,1864,995,273,2.7.0,4
1607321446.4167573,2934,807,1864,995,272,2.7.0,4
1607325003.0794985,2934,807,1864,995,272,2.7.0,4
1607328648.0537758,2934,808,1864,995,272,2.7.0,4
1607332192.083117,2934,808,1864,996,271,2.7.0,4
1607335784.6391647,2934,808,1864,996,271,2.7.0,4
1607339363.8808515,2934,808,1864,996,271,2.7.0,4
1607343067.447204,2932,807,1866,997,271,2.7.0,4
1607346577.4635582,2932,807,1867,996,271,2.7.0,4
1607350229.2989378,2932,807,1867,997,271,2.7.0,4
1607353796.5673256,2931,807,1868,997,271,2.7.0,4
1607357532.887925,2931,807,1868,998,271,2.7.0,4
1607361240.9893894,2931,807,1868,998,271,2.7.0,4
1607364556.331992,2931,807,1868,998,271,2.7.0,4
1607368175.859911,2934,807,1869,999,271,2.7.0,4
1607371773.7035494,2934,807,1869,1000,270,2.7.0,4
1607375377.3979297,2934,807,1869,1000,270,2.7.0,4
1607379039.6015785,2934,807,1869,1000,270,2.7.0,4
1607382623.0604124,2934,807,1869,1000,270,2.7.0,4
1607386585.371346,2934,807,1869,1000,270,2.7.0,4
1607391217.0193403,2935,807,1869,1000,270,2.7.0,4
1607393643.5866532,2935,807,1869,1000,270,2.7.0,4
1607396981.8972821,2935,807,1869,1000,270,2.7.0,4
1607400652.3835673,2935,807,1869,1000,270,2.7.0,4
1607404155.3413484,2935,807,1869,1000,270,2.7.0,4
1607407802.576202,2935,807,1869,1000,270,2.7.0,4
1607411368.2985175,2935,807,1869,1000,270,2.7.0,4
1607415077.3795257,2935,807,1869,1000,270,2.7.0,4
1607418554.4353864,2935,807,1869,1000,270,2.7.0,4
1607422215.1109488,2935,807,1869,1000,270,2.7.0,4
1607425794.8865802,2937,810,1869,1000,270,2.7.0,4
1607429527.360964,2937,809,1869,1001,270,2.7.0,4
1607432975.0850387,2937,809,1869,1001,270,2.7.0,4
1607436627.6144795,2937,809,1869,1001,270,2.7.0,4
1607440167.6463938,2938,808,1869,1001,270,2.7.0,4
1607443925.8145912,2938,808,1869,1001,270,2.7.0,4
1607447678.566298,2938,808,1869,1001,270,2.7.0,4
1607451018.0421958,2939,808,1868,1002,269,2.7.0,4
1607454709.2468681,2939,808,1868,1002,269,2.7.0,4
1607458129.3422704,2939,808,1868,1002,269,2.7.0,4
1607461799.0836363,2939,808,1868,1002,269,2.7.0,4
1607465486.5712092,2939,808,1868,1002,269,2.7.0,4
1607469005.4445927,2939,808,1868,1002,269,2.7.0,4
1607473001.5609102,2940,808,1868,1002,269,2.7.0,4
1607477656.5515444,2941,808,1868,1002,269,2.7.0,4
1607480151.4012983,2941,808,1868,1002,269,2.7.0,4
1607483417.0371366,2941,808,1868,1002,269,2.7.0,4
1607487053.5447297,2940,809,1868,1002,269,2.7.0,4
1607490575.6965845,2940,809,1868,1002,269,2.7.0,4
1607494254.53615,2940,809,1868,1002,269,2.7.0,4
1607497788.4736345,2940,809,1868,1002,269,2.7.0,4
1607501497.6329427,2941,808,1868,1002,269,2.7.0,4
1607504952.148554,2941,808,1868,1002,269,2.7.0,4
1607508594.5932877,2942,809,1869,1002,269,2.7.0,4
1607512237.8903575,2942,809,1869,1002,269,2.7.0,4
1607515854.8651423,2942,809,1869,1002,269,2.7.0,4
1607519403.8040915,2942,809,1869,1002,269,2.7.0,4
1607522984.6032505,2942,809,1869,1002,269,2.7.0,4
1607526611.7984858,2942,808,1869,1003,269,2.7.0,4
1607530352.596357,2942,808,1869,1003,269,2.7.0,4
1607533847.3470116,2941,809,1869,1004,268,2.7.0,4
1607537406.1402848,2941,809,1869,1004,268,2.7.0,4
1607540972.8402731,2941,809,1869,1004,268,2.7.0,4
1607544596.874583,2941,811,1869,1004,268,2.7.0,4
1607548166.7153964,2941,811,1869,1004,268,2.7.0,4
1607551848.5734603,2942,811,1870,1004,268,2.7.0,4
1607555327.7534435,2942,811,1870,1004,268,2.7.0,4
1607559424.2360435,2942,811,1870,1004,268,2.7.0,4
1607564171.6344545,2943,811,1870,1004,268,2.7.0,4
1607566646.932486,2943,811,1870,1004,268,2.7.0,4
1607569792.2500982,2943,811,1870,1004,268,2.7.0,4
1607573446.8905454,2943,811,1870,1004,268,2.7.0,4
1607576982.6513093,2944,811,1870,1004,268,2.7.0,4
1607580679.351878,2944,811,1870,1004,268,2.7.0,4
1607584156.5510182,2944,811,1870,1004,268,2.7.0,4
1607587821.641223,2944,811,1870,1004,268,2.7.0,4
1607591359.3062375,2944,811,1870,1004,268,2.7.0,4
1607595028.2346063,2945,811,1869,1004,268,2.7.0,4
1607598551.1747289,2945,811,1869,1004,268,2.7.0,4
1607602309.2634108,2945,811,1869,1004,268,2.7.0,4
1607605758.30804,2945,811,1869,1004,268,2.7.0,4
1607609434.0825722,2945,811,1870,1004,268,2.7.0,4
1607612982.814471,2945,811,1870,1004,268,2.7.0,4
1607616703.1962016,2946,810,1870,1004,268,2.7.0,4
1607620628.7165415,2946,810,1870,1004,268,2.7.0,4
1607623795.426208,2946,810,1870,1004,268,2.7.0,4
1607627351.8006618,2946,810,1870,1005,268,2.7.0,4
1607631004.4110997,2945,810,1870,1005,269,2.7.0,4
1607634530.1819603,2945,810,1870,1005,269,2.7.0,4
1607638185.9577065,2946,810,1869,1005,269,2.7.0,4
1607641776.629196,2946,810,1869,1005,269,2.7.0,4
1607645776.61369,2946,810,1869,1005,269,2.7.0,4
1607650621.0659385,2947,810,1869,1005,268,2.7.0,4
1607653073.636988,2947,810,1869,1005,268,2.7.0,4
1607656204.1969974,2947,810,1868,1006,268,2.7.0,4
1607659807.3155062,2947,810,1868,1006,268,2.7.0,4
1607663388.5186741,2947,810,1868,1006,268,2.7.0,4
1607667073.3452637,2947,810,1868,1006,268,2.7.0,4
1607670514.568388,2947,810,1868,1006,268,2.7.0,4
1607674188.9072278,2947,810,1868,1006,268,2.7.0,4
1607677757.841828,2947,810,1868,1006,268,2.7.0,4
1607681394.1325946,2947,810,1868,1006,268,2.7.0,4
1607684960.7186007,2947,810,1868,1006,268,2.7.0,4
1607688669.8665724,2947,810,1870,1006,268,2.7.0,4
1607692152.3227077,2947,810,1870,1006,268,2.7.0,4
1607695784.1854792,2947,810,1870,1006,268,2.7.0,4
1607699411.9040976,2946,810,1872,1006,268,2.7.0,4
1607703105.767633,2947,810,1874,1005,268,2.7.0,4
1607707089.52064,2947,810,1875,1007,268,2.7.0,4
1607710144.9239402,2947,810,1875,1007,268,2.7.0,4
1607713769.3580785,2947,810,1875,1007,268,2.7.0,4
1607717395.5419514,2948,810,1875,1007,268,2.7.0,4
1607720920.9315722,2948,810,1875,1007,268,2.7.0,4
1607724611.976571,2948,810,1874,1007,269,2.7.0,4
1607728187.1256065,2948,810,1874,1007,269,2.7.0,4
1607732191.2323601,2948,810,1874,1008,269,2.7.0,4
1607737042.7212784,2949,810,1874,1009,268,2.7.0,4
1607739480.9729004,2949,810,1874,1009,268,2.7.0,4
1607742601.6742597,2949,810,1874,1009,268,2.7.0,4
1607746220.9709125,2949,810,1874,1010,268,2.7.0,4
1607749750.6137846,2949,810,1874,1010,268,2.7.0,4
1607753433.4151988,2949,810,1874,1010,268,2.7.0,4
1607756926.1297512,2949,810,1874,1010,268,2.7.0,4
1607760594.557324,2949,810,1874,1010,268,2.7.0,4
1607764183.2818568,2949,810,1874,1010,268,2.7.0,4
1607767794.5220203,2949,810,1874,1011,268,2.7.0,4
1607771339.24375,2949,811,1874,1010,268,2.7.0,4
1607775024.364492,2949,811,1874,1010,268,2.7.0,4
1607778535.1236153,2949,811,1874,1010,268,2.7.0,4
1607782184.4281652,2949,811,1874,1010,268,2.7.0,4
1607785738.1301425,2950,811,1873,1010,268,2.7.0,4
1607789534.5577607,2952,810,1873,1010,267,2.7.0,4
1607793455.9821513,2952,810,1873,1010,267,2.7.0,4
1607796571.6293912,2953,811,1873,1010,267,2.7.0,4
1607800066.9172564,2953,811,1873,1010,267,2.7.0,4
1607803760.6813056,2953,811,1873,1010,267,2.7.0,4
1607807295.4851549,2953,811,1873,1010,267,2.7.0,4
1607810985.1563075,2953,811,1873,1010,267,2.7.0,4
1607876092.3596249,2949,808,1870,1010,260,2.7.0,4
1607880036.811388,2949,808,1870,1010,259,2.7.0,4
1607883146.879643,2949,808,1870,1010,260,2.7.0,4
1607886616.866863,2949,808,1870,1010,260,2.7.0,4
1607890304.9846876,2949,808,1870,1010,260,2.7.0,4
1607893917.0291119,2949,808,1870,1010,260,2.7.0,4
1607897548.870363,2949,808,1870,1010,260,2.7.0,4
1607901087.5154574,2949,808,1870,1010,260,2.7.0,4
1607905396.6236467,2949,808,1870,1010,260,2.7.0,4
1607910220.5821195,2949,808,1870,1010,260,2.7.0,4
1607912589.4521801,2949,808,1870,1010,260,2.7.0,4
1607915517.3269591,2949,808,1870,1010,260,2.7.0,4
1607919419.418772,2949,809,1870,1012,260,2.7.0,4
1607922727.1198359,2949,809,1870,1012,260,2.7.0,4
1607926394.6447234,2949,809,1870,1012,260,2.7.0,4
1607929895.3737621,2949,809,1870,1012,260,2.7.0,4
1607933580.400124,2949,809,1870,1012,260,2.7.0,4
1607937154.5597312,2948,809,1870,1012,261,2.7.0,4
1607940795.69579,2948,809,1870,1012,261,2.7.0,4
1607944352.0036216,2948,809,1869,1013,261,2.7.0,4
1607948063.0940886,2948,809,1869,1013,261,2.7.0,4
1607951633.911187,2948,809,1869,1013,261,2.7.0,4
1607955172.9490716,2948,809,1869,1013,261,2.7.0,4
1607958767.713457,2948,809,1869,1013,261,2.7.0,4
1607962422.3907008,2950,810,1870,1013,261,2.7.0,4
1607966552.8832526,2951,810,1869,1013,261,2.7.0,4
1607969467.964765,2953,810,1870,1012,261,2.7.0,4
1607973100.5619924,2953,810,1870,1012,261,2.7.0,4
1607976760.8755596,2953,810,1869,1013,261,2.7.0,4
1607980386.8432088,2953,810,1869,1013,261,2.7.0,4
1607984046.0879588,2953,810,1870,1012,261,2.7.0,4
1607987533.9867976,2953,810,1870,1012,261,2.7.0,4
1607991783.8749158,2953,810,1870,1012,261,2.7.0,4
1607996578.1467066,2953,810,1871,1011,261,2.7.0,4
1607999045.676618,2953,810,1871,1011,261,2.7.0,4
1608001915.1986299,2953,810,1871,1011,261,2.7.0,4
1608005609.9098682,2953,810,1871,1011,261,2.7.0,4
1608009096.2697918,2953,810,1871,1011,261,2.7.0,4
1608012861.811512,2953,810,1871,1011,261,2.7.0,4
1608016310.9829986,2953,810,1871,1011,261,2.7.0,4
1608020033.4030867,2957,810,1871,1011,261,2.7.0,4
1608023555.7666903,2957,810,1871,1011,261,2.7.0,4
1608027142.9604793,2957,810,1871,1011,261,2.7.0,4
1608030753.7686036,2957,810,1871,1011,261,2.7.0,4
1608034494.7189534,2957,810,1871,1011,261,2.7.0,4
1608038027.694726,2957,811,1871,1010,261,2.7.0,4
1608041609.8730338,2957,811,1871,1010,261,2.7.0,4
1608045149.942334,2957,811,1871,1010,261,2.7.0,4
1608048981.7378726,2957,811,1872,1010,261,2.7.0,4
1608053117.607696,2957,811,1872,1010,261,2.7.0,4
1608055945.3105924,2957,811,1872,1010,261,2.7.0,4
1608059527.443551,2959,811,1875,1011,261,2.7.0,4
1608063200.8229926,2959,811,1875,1011,261,2.7.0,4
1608066669.342179,2959,811,1875,1011,261,2.7.0,4
1608070375.104081,2960,811,1875,1012,261,2.7.0,4
1608073967.6215096,2960,811,1876,1012,260,2.7.0,4
1608078236.0752845,2960,811,1876,1013,260,2.7.0,4
1608083041.605414,2962,811,1877,1013,260,2.7.0,4
1608085396.8237185,2962,811,1877,1013,260,2.7.0,4
1608088380.9909146,2962,811,1877,1013,260,2.7.0,4
1608092036.2246463,2962,811,1877,1013,260,2.7.0,4
1608095498.2218523,2962,811,1877,1013,260,2.7.0,4
1608099241.4755225,2962,811,1877,1013,260,2.7.0,4
1608102704.3485596,2962,811,1877,1013,260,2.7.0,4
1608106401.2757542,2962,811,1877,1013,260,2.7.0,4
1608109948.2981887,2962,811,1877,1013,260,2.7.0,4
1608113560.7319489,2962,811,1876,1013,260,2.7.0,4
1608117089.276482,2962,811,1877,1013,260,2.7.0,4
1608120880.8912823,2962,811,1877,1013,260,2.7.0,4
1608124490.3510425,2962,811,1877,1013,260,2.7.0,4
1608128003.9943833,2962,811,1877,1013,260,2.7.0,4
1608131524.389187,2961,811,1879,1012,260,2.7.0,4
1608135335.9260216,2961,811,1879,1012,260,2.7.0,4
1608140065.31567,2961,811,1879,1012,260,2.7.0,4
1608142327.7734218,2961,811,1879,1012,260,2.7.0,4
1608145946.5743585,2961,812,1879,1013,260,2.7.0,4
1608149528.8998353,2961,812,1879,1013,260,2.7.0,4
1608153106.9314964,2961,812,1879,1013,260,2.7.0,4
1608156845.5165656,2961,812,1879,1013,260,2.7.0,4
1608160459.0743206,2961,812,1880,1016,260,2.7.0,4
1608164733.9508142,2961,812,1880,1016,260,2.7.0,4
1608169595.5535948,2962,812,1879,1016,260,2.7.0,4
1608171903.0279746,2962,812,1879,1016,260,2.7.0,4
1608174727.9033544,2962,812,1879,1016,260,2.7.0,4
1608178429.27262,2962,812,1879,1016,260,2.7.0,4
1608181927.1224756,2962,812,1879,1016,260,2.7.0,4
1608185604.6492598,2962,812,1879,1016,260,2.7.0,4
1608189205.381603,2962,812,1879,1016,260,2.7.0,4
1608192824.4776702,2962,812,1879,1016,260,2.7.0,4
1608196390.0316086,2962,812,1879,1016,260,2.7.0,4
1608199961.8216248,2962,812,1879,1016,260,2.7.0,4
1608203553.41374,2962,812,1879,1016,260,2.7.0,4
1608207343.1906404,2962,812,1879,1016,260,2.7.0,4
1608211000.164251,2962,812,1879,1016,260,2.7.0,4
1608214403.2802627,2962,812,1878,1017,260,2.7.0,4
1608217965.172556,2962,812,1877,1018,260,2.7.0,4
1608221864.2175183,2962,812,1877,1018,260,2.7.0,4
1608226169.764858,2962,812,1877,1018,260,2.7.0,4
1608228857.331847,2962,812,1877,1018,260,2.7.0,4
1608232352.3470156,2961,812,1878,1018,260,2.7.0,4
1608235998.8636222,2961,812,1878,1018,260,2.7.0,4
1608239515.548313,2961,812,1878,1018,260,2.7.0,4
1608243271.1254756,2962,812,1877,1018,260,2.7.0,4
1608246859.7954547,2962,812,1877,1018,260,2.7.0,4
1608251122.8012533,2961,813,1865,1030,260,2.7.0,4
1608256081.4626102,2961,813,1865,1030,260,2.7.0,4
1608258470.723405,2961,813,1865,1029,260,2.7.0,4
1608261290.5118725,2961,813,1865,1030,260,2.7.0,4
1608264958.702496,2961,813,1865,1031,260,2.7.0,4
1608268550.9116404,2961,813,1865,1031,260,2.7.0,4
1608272020.7273219,2961,813,1865,1031,260,2.7.0,4
1608275729.903289,2961,813,1865,1031,260,2.7.0,4
1608279282.71531,2961,813,1865,1031,260,2.7.0,4
1608282931.6319578,2961,813,1865,1031,260,2.7.0,4
1608286557.942277,2961,813,1865,1031,260,2.7.0,4
1608290048.2818723,2961,813,1865,1031,260,2.7.0,4
1608293789.8674014,2961,813,1865,1031,260,2.7.0,4
1608297583.0190964,2961,813,1865,1031,260,2.7.0,4
1608300906.2113922,2961,813,1865,1031,260,2.7.0,4
1608304456.6447713,2960,812,1866,1032,260,2.7.0,4
1608308484.0065587,2961,812,1866,1032,260,2.7.0,4
1608312907.8008053,2961,812,1866,1032,260,2.7.0,4
1608315606.7205925,2961,812,1866,1032,260,2.7.0,4
1608319071.0770502,2961,812,1866,1032,260,2.7.0,4
1608322403.4443958,2961,812,1866,1032,260,2.7.0,4
1608325905.862212,2961,812,1866,1032,260,2.7.0,4
1608329622.134398,2963,812,1868,1032,260,2.7.0,4
1608333236.5794027,2963,812,1868,1032,260,2.7.0,4
1608337490.8160565,2963,812,1869,1032,260,2.7.0,4
1608342462.3887079,2962,812,1870,1032,260,2.7.0,4
1608344870.8750658,2962,812,1870,1032,260,2.7.0,4
1608347706.4750564,2962,812,1870,1032,260,2.7.0,4
1608351387.82766,2963,812,1870,1032,260,2.7.0,4
1608354889.6945856,2959,816,1868,1034,260,2.7.0,4
1608358418.2424438,2963,812,1870,1032,260,2.7.0,4
1608362102.5421555,2963,812,1870,1032,260,2.7.0,4
1608365617.1110995,2963,812,1871,1031,260,2.7.0,4
1608369249.9277492,2963,812,1871,1031,260,2.7.0,4
1608372908.6801775,2963,812,1871,1031,260,2.7.0,4
1608376448.2148883,2963,812,1871,1031,260,2.7.0,4
1608380088.4466066,2963,812,1871,1031,260,2.7.0,4
1608383958.4269767,2963,812,1871,1031,260,2.7.0,4
1608387261.347563,2963,812,1871,1031,260,2.7.0,4
1608390767.6628036,2963,812,1871,1031,260,2.7.0,4
1608394850.4874473,2963,812,1871,1031,260,2.7.0,4
1608399218.110539,2963,812,1871,1031,260,2.7.0,4
1608401830.8932662,2963,812,1871,1031,260,2.7.0,4
1608405224.170992,2964,812,1870,1031,260,2.7.0,4
1608408818.323219,2964,812,1870,1031,260,2.7.0,4
1608412280.889213,2964,812,1870,1031,260,2.7.0,4
1608416036.9395063,2964,812,1870,1031,260,2.7.0,4
1608419556.711747,2964,812,1870,1031,260,2.7.0,4
1608423877.5412755,2964,812,1870,1031,260,2.7.0,4
1608429068.4300766,2964,812,1870,1031,260,2.7.0,4
1608431171.0467787,2964,812,1870,1031,260,2.7.0,4
1608434043.228804,2964,812,1870,1031,260,2.7.0,4
1608437648.6436474,2964,812,1870,1031,260,2.7.0,4
1608441150.6625137,2965,812,1870,1031,260,2.7.0,4
1608444793.490426,2965,812,1870,1031,260,2.7.0,4
1608448415.7455869,2965,812,1870,1031,260,2.7.0,4
1608452003.9522672,2965,812,1870,1031,260,2.7.0,4
1608455593.540668,2965,812,1870,1031,260,2.7.0,4
1608459258.948049,2965,812,1870,1031,260,2.7.0,4
1608462758.5348184,2964,813,1870,1031,260,2.7.0,4
1608466529.3880358,2964,813,1870,1031,260,2.7.0,4
1608470299.2953455,2964,813,1870,1031,260,2.7.0,4
1608473575.5362458,2964,813,1870,1031,260,2.7.0,4
1608477193.934881,2964,813,1870,1031,260,2.7.0,4
1608481196.4093096,2964,814,1870,1030,260,2.7.0,4
1608485610.6085992,2964,814,1870,1030,260,2.7.0,4
1608488324.2516491,2964,814,1870,1030,260,2.7.0,4
1608491655.3743298,2964,814,1870,1030,260,2.7.0,4
1608495201.0938342,2964,814,1870,1030,260,2.7.0,4
1608498725.3885593,2964,814,1870,1030,260,2.7.0,4
1608502503.0158515,2964,814,1871,1030,260,2.7.0,4
1608506189.2875066,2964,814,1871,1030,260,2.7.0,4
1608510406.9439495,2964,814,1872,1030,260,2.7.0,4
1608515644.362746,2966,814,1872,1031,260,2.7.0,4
1608517922.975026,2966,814,1872,1031,260,2.7.0,4
1608520746.7971008,2966,814,1872,1031,260,2.7.0,4
1608524251.7866352,2966,814,1873,1030,260,2.7.0,4
1608527786.1061263,2966,814,1873,1030,260,2.7.0,4
1608531250.0249145,2966,814,1873,1030,260,2.7.0,4
1608535071.8253016,2966,814,1873,1030,260,2.7.0,4
1608538489.9066708,2966,814,1873,1030,260,2.7.0,4
1608542209.1670103,2966,814,1873,1030,260,2.7.0,4
1608545769.267124,2966,814,1873,1030,260,2.7.0,4
1608549308.0512607,2966,814,1873,1030,260,2.7.0,4
1608552966.5792615,2966,815,1873,1030,260,2.7.0,4
1608556961.9832523,2967,814,1873,1030,260,2.7.0,4
1608560118.4883602,2967,814,1874,1030,260,2.7.0,4
1608563673.3398852,2967,814,1874,1030,260,2.7.0,4
1608567687.7952175,2965,814,1874,1030,260,2.7.0,4
1608572140.396158,2967,814,1874,1030,260,2.7.0,4
1608574884.9656205,2967,814,1874,1029,261,2.7.0,4
1608578346.2620745,2967,814,1874,1029,261,2.7.0,4
1608581616.5880435,2967,814,1874,1029,261,2.7.0,4
1608585298.4094405,2967,814,1874,1029,261,2.7.0,4
1608588991.6376834,2968,814,1874,1029,261,2.7.0,4
1608592774.0273767,2968,814,1874,1029,261,2.7.0,4
1608596943.3071682,2968,814,1876,1029,261,2.7.0,4
1608602141.7001457,2968,814,1876,1029,261,2.7.0,4
1608604559.9038925,2968,814,1876,1029,261,2.7.0,4
1608607322.875746,2968,814,1876,1029,261,2.7.0,4
1608610803.169334,2968,814,1876,1029,261,2.7.0,4
1608614429.307994,2968,814,1876,1029,261,2.7.0,4
1608617756.968769,2968,814,1876,1029,261,2.7.0,4
1608621757.0524936,2968,814,1876,1029,261,2.7.0,4
1608625062.8231134,2968,814,1876,1029,261,2.7.0,4
1608628808.7446065,2968,814,1876,1029,261,2.7.0,4
1608632364.2052963,2968,814,1876,1029,261,2.7.0,4
1608635818.604441,2968,814,1876,1029,261,2.7.0,4
1608639501.3934653,2968,814,1876,1029,261,2.7.0,4
1608643659.8213704,2968,814,1876,1029,261,2.7.0,4
1608646578.021089,2968,814,1876,1029,261,2.7.0,4
1608650126.2175684,2969,815,1874,1030,261,2.7.0,4
1608654341.7989304,2969,815,1874,1030,261,2.7.0,4
1608658883.2910244,2969,815,1875,1029,261,2.7.0,4
1608661583.2895668,2969,815,1875,1029,261,2.7.0,4
1608664927.025795,2969,815,1875,1029,261,2.7.0,4
1608668069.7884395,2970,815,1875,1029,261,2.7.0,4
1608671677.4873657,2970,815,1875,1029,261,2.7.0,4
1608675526.4520462,2970,815,1875,1029,261,2.7.0,4
1608679300.675654,2970,815,1875,1029,261,2.7.0,4
1608683400.2494922,2970,815,1875,1029,261,2.7.0,4
1608688758.692432,2970,815,1875,1029,261,2.7.0,4
1608691157.9934149,2971,815,1875,1029,261,2.7.0,4
1608693800.6320345,2971,815,1875,1029,261,2.7.0,4
1608697336.427521,2971,815,1875,1029,261,2.7.0,4
1608701141.325468,2971,815,1876,1029,260,2.7.0,4
1608704177.4333544,2972,815,1876,1029,260,2.7.0,4
1608708207.7945929,2972,815,1876,1029,260,2.7.0,4
1608711482.728882,2975,815,1878,1029,260,2.7.0,4
1608715269.6283686,2975,815,1878,1029,260,2.7.0,4
1608718871.451394,2975,816,1878,1028,260,2.7.0,4
1608722242.8899932,2975,816,1878,1028,260,2.7.0,4
1608725905.759115,2975,816,1878,1028,260,2.7.0,4
1608730077.7965555,2975,816,1878,1028,260,2.7.0,4
1608733039.7093465,2975,816,1878,1028,260,2.7.0,4
1608736531.3286462,2976,816,1877,1028,260,2.7.0,4
1608740823.4114113,2976,816,1877,1028,260,2.7.0,4
1608745450.2001226,2976,816,1877,1028,260,2.7.0,4
1608748225.536737,2976,816,1877,1028,260,2.7.0,4
1608751639.7391257,2976,816,1877,1028,260,2.7.0,4
1608754555.2489007,2976,816,1877,1028,260,2.7.0,4
1608758112.56547,2976,816,1877,1028,260,2.7.0,4
1608761982.2328846,2976,816,1877,1028,260,2.7.0,4
1608765720.1863532,2976,816,1877,1028,260,2.7.0,4
1608770073.8210776,2976,816,1877,1028,260,2.7.0,4
1608775437.352514,2977,817,1877,1028,260,2.7.0,4
1608778381.5856526,2977,817,1878,1027,260,2.7.0,4
1608780346.641204,2977,817,1878,1027,260,2.7.0,4
1608783852.7971182,2977,817,1878,1027,260,2.7.0,4
1608787486.4036577,2977,817,1878,1027,260,2.7.0,4
1608790686.0764613,2977,817,1879,1027,260,2.7.0,4
1608794633.0312834,2977,817,1879,1027,260,2.7.0,4
1608797926.5395617,2977,817,1879,1027,260,2.7.0,4
1608801756.4157727,2977,817,1879,1027,260,2.7.0,4
1608805273.2340813,2977,817,1879,1027,260,2.7.0,4
1608808674.1954796,2977,817,1879,1027,260,2.7.0,4
1608812289.5544677,2977,818,1879,1027,260,2.7.0,4
1608816504.2977257,2977,818,1879,1027,260,2.7.0,4
1608819411.3189375,2978,818,1878,1027,260,2.7.0,4
1608822944.2222643,2978,818,1878,1027,260,2.7.0,4
1608827232.0887148,2978,818,1878,1027,260,2.7.0,4
1608831922.7772043,2978,818,1878,1027,260,2.7.0,4
1608834784.004969,2978,818,1878,1027,260,2.7.0,4
1608838093.5473268,2978,818,1878,1027,260,2.7.0,4
1608840964.7886984,2978,818,1878,1027,260,2.7.0,4
1608844469.4693885,2978,818,1878,1027,260,2.7.0,4
1608848247.297621,2978,818,1878,1027,260,2.7.0,4
1608852065.3085608,2978,818,1878,1027,260,2.7.0,4
1608856190.6698055,2978,818,1878,1027,260,2.7.0,4
1608861680.493629,2978,818,1878,1027,260,2.7.0,4
1608863913.745536,2978,818,1878,1028,259,2.7.0,4
1608866471.4357085,2978,818,1878,1028,259,2.7.0,4
1608869975.4872687,2978,818,1878,1028,259,2.7.0,4
1608873565.2023463,2978,818,1878,1028,259,2.7.0,4
1608876863.5707448,2979,818,1877,1029,259,2.7.0,4
1608880817.8139114,2979,818,1877,1029,259,2.7.0,4
1608884103.3097892,2979,819,1877,1028,259,2.7.0,4
1608887870.016008,2979,819,1877,1028,259,2.7.0,4
1608891447.4076834,2979,819,1877,1029,259,2.7.0,4
1608894903.3226535,2979,819,1877,1029,259,2.7.0,4
1608898545.8616002,2979,819,1877,1029,259,2.7.0,4
1608902642.2018766,2979,819,1877,1029,259,2.7.0,4
1608905661.1420314,2979,819,1877,1029,259,2.7.0,4
1608909216.0576043,2979,819,1877,1029,259,2.7.0,4
1608913354.3336427,2979,819,1878,1028,259,2.7.0,4
1608918068.3196213,2979,819,1878,1028,259,2.7.0,4
1608920805.6411703,2979,819,1878,1028,259,2.7.0,4
1608924181.0351796,2979,819,1878,1028,259,2.7.0,4
1608927164.8726022,2979,819,1878,1028,259,2.7.0,4
1608930753.686954,2979,819,1878,1028,259,2.7.0,4
1608934555.1692023,2979,819,1878,1028,259,2.7.0,4
1608938352.3030405,2979,819,1878,1028,259,2.7.0,4
1608942522.985564,2979,819,1878,1028,259,2.7.0,4
1608947991.6663506,2979,819,1878,1028,259,2.7.0,4
1608950236.1547408,2979,819,1878,1028,259,2.7.0,4
1608952845.4798064,2979,819,1878,1028,259,2.7.0,4
1608956379.7877288,2979,819,1878,1028,259,2.7.0,4
1608959993.9276323,2979,819,1878,1028,259,2.7.0,4
1608963225.3488238,2979,819,1878,1028,259,2.7.0,4
1608967192.6810987,2979,819,1878,1028,259,2.7.0,4
1608970484.6409783,2979,819,1878,1028,259,2.7.0,4
1608974293.7488306,2979,819,1878,1028,258,2.7.0,4
1608977896.6762972,2979,819,1878,1028,259,2.7.0,4
1608981358.705637,2979,819,1878,1028,259,2.7.0,4
1608984902.3042347,2979,819,1878,1028,259,2.7.0,4
1608988991.080352,2979,819,1878,1028,259,2.7.0,4
1608992042.1401708,2979,819,1878,1028,259,2.7.0,4
1608995544.4014742,2979,819,1878,1028,259,2.7.0,4
1608999712.396051,2979,819,1878,1028,259,2.7.0,4
1609004562.2167985,2979,819,1878,1028,259,2.7.0,4
1609007245.2489562,2979,819,1878,1028,259,2.7.0,4
1609010558.8231313,2979,819,1878,1028,259,2.7.0,4
1609013533.6422386,2979,819,1878,1028,259,2.7.0,4
1609017150.3234003,2979,819,1878,1028,259,2.7.0,4
1609020960.7985861,2979,819,1878,1028,259,2.7.0,4
1609024822.9813018,2979,819,1878,1028,259,2.7.0,4
1609029054.2578557,2979,819,1878,1028,259,2.7.0,4
1609034699.726318,2979,819,1878,1028,259,2.7.0,4
1609037480.0744343,2979,819,1878,1028,259,2.7.0,4
1609039322.7460613,2979,819,1878,1028,259,2.7.0,4
1609042837.8781974,2979,819,1878,1028,259,2.7.0,4
1609046452.135896,2979,819,1878,1028,259,2.7.0,4
1609049672.558846,2979,819,1878,1028,259,2.7.0,4
1609053635.8182995,2979,819,1878,1028,259,2.7.0,4
1609056928.5160525,2979,819,1878,1028,259,2.7.0,4
1609060656.2345777,2979,819,1878,1028,259,2.7.0,4
1609064273.8980796,2979,819,1878,1028,259,2.7.0,4
1609067667.740603,2979,819,1878,1028,259,2.7.0,4
1609071343.8068993,2979,819,1878,1028,259,2.7.0,4
1609075443.050409,2979,819,1878,1028,259,2.7.0,4
1609078450.3740335,2979,819,1878,1028,259,2.7.0,4
1609081972.493763,2979,819,1878,1028,259,2.7.0,4
1609086183.7798815,2979,819,1878,1028,259,2.7.0,4
1609091001.7688758,2979,819,1878,1028,259,2.7.0,4
1609093669.2068603,2979,819,1878,1028,259,2.7.0,4
1609097055.6546526,2979,819,1878,1028,259,2.7.0,4
1609099941.8071132,2979,819,1878,1028,259,2.7.0,4
1609103509.6475391,2979,819,1878,1028,259,2.7.0,4
1609107344.8153644,2979,819,1878,1028,259,2.7.0,4
1609111240.7888978,2979,819,1878,1028,259,2.7.0,4
1609115466.482789,2979,819,1878,1028,259,2.7.0,4
1609121066.4829364,2979,819,1878,1028,259,2.7.0,4
1609123929.956241,2979,819,1878,1028,259,2.7.0,4
1609125830.2035348,2979,819,1878,1028,259,2.7.0,4
1609129305.2933145,2979,819,1878,1028,259,2.7.0,4
1609132893.877179,2979,819,1878,1028,259,2.7.0,4
1609136146.8949876,2979,819,1878,1028,259,2.7.0,4
1609140128.1908975,2979,819,1878,1028,259,2.7.0,4
1609143352.3615637,2979,819,1878,1028,259,2.7.0,4
1609147196.752079,2979,819,1878,1028,259,2.7.0,4
1609150752.328498,2979,819,1878,1028,259,2.7.0,4
1609154239.4320652,2979,819,1878,1028,259,2.7.0,4
1609157818.8703656,2979,819,1879,1029,259,2.7.0,4
1609161934.971484,2979,819,1879,1029,259,2.7.0,4
1609164897.9537213,2979,819,1879,1029,259,2.7.0,4
1609168440.1152015,2979,819,1879,1029,259,2.7.0,4
1609172639.8945174,2979,819,1879,1029,259,2.7.0,4
1609177562.5688658,2980,818,1879,1029,259,2.7.0,4
1609180331.6432235,2980,818,1879,1029,259,2.7.0,4
1609183674.5677779,2980,818,1879,1029,259,2.7.0,4
1609186549.4311345,2980,818,1879,1029,259,2.7.0,4
1609190006.4664392,2980,818,1879,1029,259,2.7.0,4
1609193832.9084423,2980,818,1879,1029,259,2.7.0,4
1609197763.730513,2980,819,1879,1029,259,2.7.0,4
1609201929.056128,2980,819,1879,1029,259,2.7.0,4
1609207634.327891,2979,819,1880,1029,259,2.7.0,4
1609212291.7638824,2979,819,1880,1029,259,2.7.0,4
1609215874.7596977,2979,819,1880,1029,259,2.7.0,4
1609219520.62382,2979,819,1880,1029,259,2.7.0,4
1609222651.4296029,2979,819,1880,1029,259,2.7.0,4
1609226588.6833594,2979,819,1880,1029,259,2.7.0,4
1609229910.6697166,2979,819,1880,1029,259,2.7.0,4
1609233706.8685372,2979,819,1880,1029,259,2.7.0,4
1609237249.439264,2979,819,1880,1029,259,2.7.0,4
1609240721.1565168,2979,819,1880,1029,259,2.7.0,4
1609244250.4526865,2979,819,1880,1029,259,2.7.0,4
1609248508.438464,2979,819,1880,1029,259,2.7.0,4
1609251445.5956225,2979,819,1880,1029,259,2.7.0,4
1609254923.2387495,2979,819,1880,1029,259,2.7.0,4
1609259264.1662512,2979,819,1880,1029,259,2.7.0,4
1609264232.151432,2979,819,1880,1029,259,2.7.0,4
1609267008.7753396,2979,819,1880,1029,259,2.7.0,4
1609270425.1554983,2980,818,1880,1029,259,2.7.0,4
1609273122.1359017,2982,819,1881,1029,260,2.7.0,4
1609276506.153447,2982,819,1881,1029,260,2.7.0,4
1609280368.065878,2982,819,1881,1029,260,2.7.0,4
1609284312.9103942,2982,819,1881,1029,260,2.7.0,4
1609288416.1783104,2982,819,1881,1029,260,2.7.0,4
1609294107.1736217,2982,819,1881,1029,260,2.7.0,4
1609298743.1134899,2984,819,1882,1029,259,2.7.0,4
1609302306.1256285,2984,819,1882,1029,259,2.7.0,4
1609305943.0240154,2982,819,1881,1028,259,2.7.0,4
1609309075.012285,2984,819,1882,1029,259,2.7.0,4
1609313012.303544,2984,819,1882,1029,259,2.7.0,4
1609316248.8271303,2984,819,1882,1029,259,2.7.0,4
1609320117.7473457,2984,819,1882,1029,259,2.7.0,4
1609323715.5944462,2984,819,1882,1029,259,2.7.0,4
1609327175.2603498,2984,819,1882,1029,259,2.7.0,4
1609330571.3337183,2984,819,1882,1029,259,2.7.0,4
1609334883.4406514,2984,819,1882,1029,259,2.7.0,4
1609337755.7326694,2985,819,1881,1029,259,2.7.0,4
1609341235.7004857,2985,819,1881,1029,259,2.7.0,4
1609345564.4991567,2985,819,1881,1029,259,2.7.0,4
1609350649.2206125,2985,819,1881,1029,259,2.7.0,4
1609353532.047496,2986,821,1882,1029,259,2.7.0,4
1609356858.3466368,2985,822,1882,1029,259,2.7.0,4
1609359531.9045353,2985,822,1882,1029,259,2.7.0,4
1609362951.1712039,2985,822,1882,1029,259,2.7.0,4
1609366748.2122295,2985,822,1882,1029,259,2.7.0,4
1609370629.2518506,2985,822,1882,1029,259,2.7.0,4
1609374917.4058714,2985,822,1882,1029,259,2.7.0,4
1609380699.2349777,2986,822,1882,1029,258,2.7.0,4
1609385200.2201247,2986,822,1882,1029,258,2.7.0,4
1609388846.8553557,2986,822,1882,1029,258,2.7.0,4
1609392427.5421891,2986,822,1882,1029,258,2.7.0,4
1609395638.1669593,2986,822,1882,1029,258,2.7.0,4
1609399553.2725909,2986,822,1882,1029,258,2.7.0,4
1609402919.6105804,2986,822,1882,1029,258,2.7.0,4
1609406704.5701368,2986,822,1882,1029,258,2.7.0,4
1609410342.1546848,2986,822,1882,1029,258,2.7.0,4
1609413845.0012217,2986,822,1882,1029,258,2.7.0,4
1609417142.9245756,2986,822,1882,1029,258,2.7.0,4
1609421543.1009142,2986,822,1882,1029,258,2.7.0,4
1609424430.950128,2986,822,1882,1029,258,2.7.0,4
1609427844.1191614,2986,822,1882,1029,258,2.7.0,4
1609432232.5824995,2986,822,1882,1029,258,2.7.0,4
1609437359.643061,2986,822,1883,1029,258,2.7.0,4
1609440011.6675982,2986,822,1883,1029,258,2.7.0,4
1609443167.9661233,2986,822,1883,1029,258,2.7.0,4
1609445924.5814443,2986,822,1883,1029,258,2.7.0,4
1609449219.3776746,2986,822,1883,1029,258,2.7.0,4
1609453025.6393316,2986,822,1883,1029,258,2.7.0,4
1609457020.5176806,2986,822,1882,1030,258,2.7.0,4
1609461331.0215373,2986,822,1882,1030,258,2.7.0,4
1609467264.1235745,2986,822,1882,1030,258,2.7.0,4
1609471563.966732,2986,822,1882,1030,258,2.7.0,4
1609475120.3585894,2986,822,1882,1030,258,2.7.0,4
1609478706.7479794,2986,822,1882,1030,258,2.7.0,4
1609481903.5041332,2986,822,1882,1030,258,2.7.0,4
1609485865.7617712,2986,822,1882,1030,258,2.7.0,4
1609489164.188042,2986,822,1882,1030,258,2.7.0,4
1609492998.0382593,2986,822,1882,1030,258,2.7.0,4
1609496650.6054988,2986,822,1882,1030,258,2.7.0,4
1609500132.3759077,2986,822,1882,1030,258,2.7.0,4
1609503451.5784657,2986,822,1882,1030,258,2.7.0,4
1609507765.410235,2986,822,1882,1030,258,2.7.0,4
1609510653.7690141,2986,822,1882,1030,258,2.7.0,4
1609514158.543755,2986,822,1882,1030,258,2.7.0,4
1609518435.5433943,2986,822,1882,1030,258,2.7.0,4
1609523398.2085211,2986,822,1882,1030,258,2.7.0,4
1609526124.7558618,2986,822,1882,1030,258,2.7.0,4
1609529549.1451228,2986,822,1882,1030,258,2.7.0,4
1609532250.1859844,2986,822,1882,1030,258,2.7.0,4
1609535666.896488,2986,822,1882,1030,258,2.7.0,4
1609539476.9412446,2986,822,1882,1030,258,2.7.0,4
1609543482.177981,2986,822,1882,1030,258,2.7.0,4
1609547667.793723,2986,822,1882,1030,258,2.7.0,4
1609553439.7185402,2988,822,1882,1030,258,2.7.0,4
1609557949.4709713,2988,822,1882,1030,258,2.7.0,4
1609561562.997532,2988,822,1882,1030,258,2.7.0,4
1609565197.976842,2988,822,1882,1030,258,2.7.0,4
1609568346.3042212,2988,822,1882,1030,258,2.7.0,4
1609572310.202907,2988,822,1882,1030,258,2.7.0,4
1609575555.0089655,2988,822,1882,1030,258,2.7.0,4
1609579388.9598267,2988,822,1882,1030,258,2.7.0,4
1609582981.483122,2988,822,1882,1030,258,2.7.0,4
1609586371.5146894,2988,822,1882,1030,258,2.7.0,4
1609589778.1736503,2988,822,1882,1030,258,2.7.0,4
1609593991.695542,2988,822,1882,1030,258,2.7.0,4
1609596922.8359985,2988,822,1882,1030,258,2.7.0,4
1609600427.8162608,2988,822,1882,1030,258,2.7.0,4
1609604707.3627596,2988,822,1882,1030,258,2.7.0,4
1609609744.0369835,2988,822,1882,1030,258,2.7.0,4
1609612498.5869172,2988,822,1882,1030,258,2.7.0,4
1609615840.768528,2988,822,1882,1030,258,2.7.0,4
1609618671.6520107,2988,822,1882,1030,258,2.7.0,4
1609622036.253745,2988,822,1882,1030,258,2.7.0,4
1609625910.2347643,2988,822,1882,1030,258,2.7.0,4
1609629904.4828448,2988,822,1883,1030,258,2.7.0,4
1609634145.3867407,2988,822,1883,1030,258,2.7.0,4
1609640152.574831,2988,822,1883,1030,258,2.7.0,4
1609644472.4080672,2988,822,1882,1030,258,2.7.0,4
1609648018.90021,2988,822,1883,1030,258,2.7.0,4
1609651592.3668854,2988,822,1883,1030,258,2.7.0,4
1609654698.9121425,2988,822,1883,1030,258,2.7.0,4
1609658739.1704192,2988,822,1883,1030,258,2.7.0,4
1609661986.2658195,2988,822,1883,1030,258,2.7.0,4
1609665823.9054112,2988,822,1883,1030,258,2.7.0,4
1609669412.6430805,2988,822,1883,1030,258,2.7.0,4
1609672929.1292202,2988,822,1883,1030,258,2.7.0,4
1609676176.7141998,2988,822,1883,1030,258,2.7.0,4
1609680518.798597,2988,822,1883,1030,258,2.7.0,4
1609683341.766871,2988,822,1883,1030,258,2.7.0,4
1609686893.3906512,2988,822,1883,1030,258,2.7.0,4
1609691215.3902712,2988,823,1883,1030,258,2.7.0,4
1609696324.2025926,2988,823,1883,1030,258,2.7.0,4
1609698869.9643352,2988,823,1883,1030,258,2.7.0,4
1609702274.613882,2988,823,1883,1030,258,2.7.0,4
1609705106.799778,2988,823,1883,1030,258,2.7.0,4
1609708472.844949,2988,823,1883,1030,258,2.7.0,4
1609712307.5578187,2989,823,1883,1030,258,2.7.0,4
1609716334.89117,2989,823,1883,1030,258,2.7.0,4
1609720583.6604066,2989,823,1883,1030,258,2.7.0,4
1609726663.882038,2989,823,1883,1030,258,2.7.0,4
1609731014.2853806,2989,823,1883,1030,258,2.7.0,4
1609734501.3593385,2989,823,1883,1030,258,2.7.0,4
1609738085.1376488,2989,823,1883,1030,258,2.7.0,4
1609741265.7595785,2989,823,1883,1030,258,2.7.0,4
1609745168.3593924,2989,823,1883,1030,258,2.7.0,4
1609748524.0498242,2989,823,1883,1030,258,2.7.0,4
1609752371.9852915,2989,823,1883,1030,258,2.7.0,4
1609756019.338377,2989,824,1883,1029,258,2.7.0,4
1609759421.2996228,2989,824,1883,1029,258,2.7.0,4
1609762666.5782433,2989,824,1883,1029,258,2.7.0,4
1609767117.4183228,2989,824,1882,1030,258,2.7.0,4
1609769979.548143,2989,824,1882,1030,258,2.7.0,4
1609773343.053994,2989,824,1881,1030,258,2.7.0,4
1609777792.124422,2989,825,1881,1030,257,2.7.0,4
1609782976.4485857,2989,825,1881,1030,257,2.7.0,4
1609785424.6735697,2990,824,1881,1030,257,2.7.0,4
1609788660.8298168,2990,824,1881,1030,257,2.7.0,4
1609791562.9283051,2991,824,1881,1030,257,2.7.0,4
1609794910.91958,2991,824,1881,1030,257,2.7.0,4
1609798764.3199651,2992,824,1881,1030,257,2.7.0,4
1609802819.1246648,2992,824,1881,1030,257,2.7.0,4
1609807013.6162562,2992,824,1881,1030,257,2.7.0,4
1609813109.2284598,2992,824,1881,1030,257,2.7.0,4
1609817427.7096,2994,824,1881,1031,257,2.7.0,4
1609820960.3526962,2995,824,1880,1033,257,2.7.0,4
1609824535.5164247,2995,824,1880,1033,257,2.7.0,4
1609827613.2492054,2995,824,1880,1033,257,2.7.0,4
1609831586.0934684,2995,824,1880,1033,257,2.7.0,4
1609834962.8860931,2995,824,1880,1033,257,2.7.0,4
1609838836.2909398,2995,824,1880,1033,257,2.7.0,4
1609842478.9528575,2995,824,1880,1033,257,2.7.0,4
1609845859.0937693,2995,824,1880,1033,257,2.7.0,4
1609849126.283464,2995,824,1880,1033,257,2.7.0,4
1609853522.2270336,2995,824,1881,1033,257,2.7.0,4
1609856408.9681234,2995,824,1881,1033,257,2.7.0,4
1609859774.7939856,2995,824,1881,1033,257,2.7.0,4
1609864224.3499184,2995,824,1881,1033,257,2.7.0,4
1609869680.5616086,2995,824,1881,1033,257,2.7.0,4
1609871972.5998518,2995,824,1881,1033,257,2.7.0,4
1609875074.7883363,2995,824,1881,1033,257,2.7.0,4
1609878024.6653595,2995,824,1881,1033,257,2.7.0,4
1609881325.6568336,2995,824,1881,1033,257,2.7.0,4
1609885169.7164042,2995,824,1881,1033,257,2.7.0,4
1609889258.0789754,2995,824,1881,1033,257,2.7.0,4
1609893439.380019,2995,824,1881,1033,257,2.7.0,4
1609899745.696883,2996,823,1882,1033,257,2.7.0,4
1609903881.2256408,2996,823,1882,1033,257,2.7.0,4
1609907396.3350353,2996,822,1882,1034,257,2.7.0,4
1609911048.801413,2996,822,1882,1034,257,2.7.0,4
1609914021.233516,2996,822,1882,1034,257,2.7.0,4
1609918127.0964465,2996,822,1882,1034,257,2.7.0,4
1609921410.3568473,2996,822,1882,1034,257,2.7.0,4
1609925214.6025233,2996,822,1882,1034,257,2.7.0,4
1609928877.3528118,2996,822,1882,1034,257,2.7.0,4
1609932266.3866522,2995,822,1881,1034,257,2.7.0,4
1609935553.4146492,2996,822,1882,1034,257,2.7.0,4
1609939942.9827378,2997,822,1882,1034,258,2.7.0,4
1609942778.5452516,2997,822,1882,1034,258,2.7.0,4
1609946168.0229535,2996,822,1883,1034,258,2.7.0,4
1609950639.7519882,2996,822,1883,1034,258,2.7.0,4
1609955909.339064,2996,822,1883,1034,258,2.7.0,4
1609958334.518728,2997,822,1882,1034,258,2.7.0,4
1609961608.8227057,2997,823,1882,1034,258,2.7.0,4
1609964430.4927413,2997,823,1882,1034,258,2.7.0,4
1609967699.7141516,2997,823,1882,1034,258,2.7.0,4
1609971654.6282887,2998,823,1882,1034,258,2.7.0,4
1609975705.658596,2997,823,1883,1034,258,2.7.0,4
1609980045.0409887,2998,822,1883,1034,258,2.7.0,4
1609986176.3341007,3000,822,1882,1034,258,2.7.0,4
1609990584.307969,3000,822,1882,1034,258,2.7.0,4
1609993953.4727252,3000,822,1882,1034,258,2.7.0,4
1609997582.4140031,3000,822,1882,1034,258,2.7.0,4
1610000609.7071493,3000,822,1882,1034,258,2.7.0,4
1610004542.2263892,3000,822,1882,1034,258,2.7.0,4
1610007854.3890038,3000,822,1882,1034,258,2.7.0,4
1610011713.6792152,3000,822,1882,1034,258,2.7.0,4
1610015309.6608164,3000,822,1882,1034,258,2.7.0,4
1610018715.6956072,3000,822,1882,1034,258,2.7.0,4
1610021960.4761307,3000,822,1882,1034,258,2.7.0,4
1610026380.8307073,3000,822,1882,1034,258,2.7.0,4
1610029224.6804495,3000,822,1883,1033,258,2.7.0,4
1610032565.7780278,3000,822,1883,1033,258,2.7.0,4
1610037078.4875019,3001,822,1883,1032,258,2.7.0,4
1610042522.0358129,3000,822,1882,1033,258,2.7.0,4
1610044926.1009107,3001,822,1882,1033,258,2.7.0,4
1610047712.0100958,3001,822,1882,1033,258,2.7.0,4
1610050761.3481762,3001,822,1882,1033,258,2.7.0,4
1610054149.038054,3002,821,1882,1033,258,2.7.0,4
1610058005.6938143,3002,821,1882,1035,258,2.7.0,4
1610062162.6545715,3002,821,1882,1035,258,2.7.0,4
1610066428.2243054,3002,821,1882,1035,258,2.7.0,4
1610072631.393573,3002,821,1882,1035,258,2.7.0,4
1610077060.4125628,3002,821,1882,1035,258,2.7.0,4
1610080376.3719,3002,821,1882,1035,258,2.7.0,4
1610084009.178484,3003,821,1881,1035,258,2.7.0,4
1610087077.4561448,3002,821,1881,1035,259,2.7.0,4
1610090967.431787,3002,821,1881,1035,259,2.7.0,4
1610094311.0116634,3002,821,1881,1035,259,2.7.0,4
1610098221.585161,3001,821,1881,1035,259,2.7.0,4
1610101795.3119664,3001,821,1882,1034,259,2.7.0,4
1610105228.2248538,3001,821,1881,1034,259,2.7.0,4
1610108522.2894018,3001,821,1882,1034,259,2.7.0,4
1610112912.643345,3001,821,1882,1034,259,2.7.0,4
1610115664.6172135,3000,821,1882,1034,259,2.7.0,4
1610121761.0064988,368,54,252,87,19,2.7.1,4
1610126207.615866,740,144,506,182,38,2.7.1,4
1610131603.324364,1173,244,735,276,90,2.7.1,4
1610136803.654419,1617,350,958,373,155,2.7.1,4
1610139850.084632,1994,482,1178,512,197,2.7.1,4
1610143302.9479537,2366,590,1414,660,269,2.7.1,4
1610147242.5805476,2624,693,1613,843,318,2.7.1,4
1610151179.0805051,2978,816,1854,980,369,2.7.1,4
1610152816.5526214,2978,816,1854,980,369,2.7.1,4
1610159049.0285985,2978,816,1856,979,368,2.7.1,4
1610163542.964414,2978,816,1856,979,368,2.7.1,4
1610166922.0167227,2978,816,1856,979,368,2.7.1,4
1610170515.438188,2979,816,1856,978,368,2.7.1,4
1610173569.285221,2979,816,1856,978,368,2.7.1,4
1610177454.887912,2979,816,1856,978,368,2.7.1,4
1610180689.2527685,2979,816,1856,978,368,2.7.1,4
1610184555.244145,2979,816,1856,978,368,2.7.1,4
1610188132.8344333,2979,816,1856,978,368,2.7.1,4
1610191614.87837,2979,816,1856,978,368,2.7.1,4
1610194827.215913,2979,816,1856,978,368,2.7.1,4
1610199302.6826775,2979,815,1856,979,368,2.7.1,4
1610202077.3713005,2979,815,1856,979,368,2.7.1,4
1610205459.1878645,2980,816,1856,979,366,2.7.1,4
1610209940.7880542,2980,816,1856,979,366,2.7.1,4
1610215499.1800807,2980,816,1856,979,366,2.7.1,4
1610218351.5679295,2980,816,1856,979,366,2.7.1,4
1610220938.637497,2980,816,1856,977,366,2.7.1,4
1610223773.814269,2980,816,1856,979,366,2.7.1,4
1610227090.5169144,2980,816,1855,979,366,2.7.1,4
1610230989.4953768,2982,816,1857,979,366,2.7.1,4
1610235025.4396324,2982,816,1857,979,366,2.7.1,4
1610239286.2268372,2983,816,1857,979,366,2.7.1,4
1610245887.900953,2983,817,1857,979,365,2.7.1,4
1610250234.0057504,2983,817,1857,979,365,2.7.1,4
1610253445.8203137,2985,817,1858,979,365,2.7.1,4
1610257071.1732419,2984,817,1858,979,365,2.7.1,4
1610260094.1899867,2985,817,1858,979,365,2.7.1,4
1610263928.695477,2985,817,1858,979,365,2.7.1,4
1610267136.3699682,2985,817,1858,979,365,2.7.1,4
1610270989.373839,2985,817,1858,979,365,2.7.1,4
1610274671.7848089,2984,817,1858,979,365,2.7.1,4
1610278032.961046,2983,816,1858,980,365,2.7.1,4
1610281344.2042108,2981,816,1859,979,365,2.7.1,4
1610285786.1225765,2985,816,1858,979,365,2.7.1,4
1610288507.1278274,2985,816,1858,979,365,2.7.1,4
1610291858.8943124,2985,816,1858,979,365,2.7.1,4
1610296449.1849034,2985,816,1858,979,365,2.7.1,4
1610301988.0104113,2984,817,1858,979,365,2.7.1,4
1610307349.5663204,2984,817,1858,979,365,2.7.1,4
1610310129.409034,2984,817,1858,979,365,2.7.1,4
1610313376.697756,2984,817,1858,979,365,2.7.1,4
1610317360.6598108,2987,817,1857,979,365,2.7.1,4
1610321380.6809108,2987,817,1857,979,365,2.7.1,4
1610325676.001735,2987,817,1857,979,365,2.7.1,4
1610332138.236568,2987,817,1857,979,365,2.7.1,4
1610336605.2727337,2987,817,1857,979,365,2.7.1,4
1610339870.5464175,2987,817,1857,979,365,2.7.1,4
1610343461.272451,2987,817,1857,979,365,2.7.1,4
1610350376.7343688,2987,817,1857,979,365,2.7.1,4
1610353687.1540902,2987,817,1857,979,365,2.7.1,4
1610357668.5584602,2987,817,1857,979,365,2.7.1,4
1610361320.2917926,2987,817,1857,979,365,2.7.1,4
1610364772.1915717,2986,817,1857,979,364,2.7.1,4
1610367890.3227038,2986,817,1857,980,364,2.7.1,4
1610372330.1667469,2986,817,1857,980,364,2.7.1,4
1610375113.141972,2986,817,1857,980,364,2.7.1,4
1610378321.9322405,2986,817,1857,980,364,2.7.1,4
1610382780.2478063,2986,817,1857,980,364,2.7.1,4
1610388401.6566575,2986,817,1857,980,364,2.7.1,4
1610394075.5968244,2985,818,1857,980,364,2.7.1,4
1610396766.0030177,2985,818,1857,980,364,2.7.1,4
1610400088.411605,2985,818,1857,980,364,2.7.1,4
1610403866.6428146,2985,818,1857,980,364,2.7.1,4
1610407949.4573686,2985,818,1858,980,363,2.7.1,4
1610412239.5661547,2986,818,1858,980,363,2.7.1,4
1610418741.733002,2985,818,1858,980,363,2.7.1,4
1610423099.4501312,2985,818,1858,980,363,2.7.1,4
1610426207.9789426,2984,818,1859,980,363,2.7.1,4
1610429923.9830277,2984,818,1859,980,363,2.7.1,4
1610432987.3353722,2984,818,1859,980,363,2.7.1,4
1610436964.901972,2984,818,1859,980,363,2.7.1,4
1610440209.6250157,2984,818,1859,980,363,2.7.1,4
1610444140.3895378,2984,818,1859,980,363,2.7.1,4
1610447816.1045368,2984,818,1859,980,363,2.7.1,4
1610451186.5033839,2984,818,1859,980,363,2.7.1,4
1610454375.8887522,2984,818,1859,980,363,2.7.1,4
1610458870.2824118,2984,818,1859,980,363,2.7.1,4
1610461707.198685,2984,818,1859,980,363,2.7.1,4
1610465021.4894006,2983,818,1860,980,363,2.7.1,4
1610469422.4585128,2982,819,1861,979,363,2.7.1,4
1610475313.8710635,2982,819,1863,980,361,2.7.1,4
1610480751.7903695,2983,820,1864,980,359,2.7.1,4
1610483514.3496249,2982,820,1864,980,359,2.7.1,4
1610486628.9193845,2982,820,1864,980,359,2.7.1,4
1610490503.9384806,2983,820,1863,980,360,2.7.1,4
1610494627.9403744,2983,820,1863,980,360,2.7.1,4
1610499034.6419833,2983,820,1862,981,360,2.7.1,4
1610505537.9227061,2983,820,1862,981,360,2.7.1,4
1610509927.6722732,2983,820,1862,981,360,2.7.1,4
1610512815.956615,2983,820,1862,981,360,2.7.1,4
1610516656.1236951,2983,820,1862,981,360,2.7.1,4
1610519742.3414874,2983,820,1862,981,360,2.7.1,4
1610523733.6370952,2983,820,1862,981,360,2.7.1,4
1610527084.1414354,2983,820,1862,981,360,2.7.1,4
1610531021.3311632,2983,820,1862,981,360,2.7.1,4
1610534677.0637345,2984,820,1862,981,359,2.7.1,4
1610538175.117132,2984,820,1862,981,359,2.7.1,4
1610541229.437662,2984,820,1862,981,359,2.7.1,4
1610545796.8242872,2984,820,1861,981,359,2.7.1,4
1610548777.5081477,2984,821,1861,980,359,2.7.1,4
1610551734.929604,2984,821,1861,980,359,2.7.1,4
1610556193.8228114,2984,821,1861,980,359,2.7.1,4
1610562496.5821087,2984,821,1861,980,359,2.7.1,4
1610567878.730842,2985,821,1861,980,358,2.7.1,4
1610570247.054076,2985,821,1861,980,358,2.7.1,4
1610573389.2138412,2985,821,1860,981,358,2.7.1,4
1610577169.2769225,2986,821,1860,981,358,2.7.1,4
1610581248.444879,2986,821,1860,981,358,2.7.1,4
1610585930.3960953,2986,821,1859,983,357,2.7.1,4
1610592462.2596352,2987,821,1859,983,357,2.7.1,4
1610596786.4878848,2987,821,1859,983,357,2.7.1,4
1610599182.346048,2987,821,1859,983,357,2.7.1,4
1610603077.302198,2987,821,1859,983,357,2.7.1,4
1610606226.7194955,2987,821,1859,983,357,2.7.1,4
1610610172.6031191,2987,821,1859,983,357,2.7.1,4
1610613418.2865825,2987,821,1859,983,357,2.7.1,4
1610617391.8127644,2987,821,1859,983,357,2.7.1,4
1610621030.4522903,2987,821,1859,983,357,2.7.1,4
1610624502.9266253,2987,821,1859,983,357,2.7.1,4
1610627531.1145906,2987,821,1859,983,357,2.7.1,4
1610632077.1579394,2987,821,1859,983,357,2.7.1,4
1610634989.1274412,2988,821,1860,984,357,2.7.1,4
1610638072.8615303,2988,821,1861,984,356,2.7.1,4
1610642505.3891137,2988,821,1861,984,356,2.7.1,4
1610648747.3836389,2988,821,1861,984,356,2.7.1,4
1610653984.6665072,2986,823,1861,984,356,2.7.1,4
1610656510.804676,2986,823,1861,984,356,2.7.1,4
1610659544.5155375,2986,824,1861,984,356,2.7.1,4
1610663302.63261,2986,824,1861,984,356,2.7.1,4
1610667468.8803985,2986,824,1861,984,356,2.7.1,4
1610671993.8942294,2986,824,1861,985,355,2.7.1,4
1610678583.86225,2986,824,1861,985,355,2.7.1,4
1610682875.599691,2985,824,1861,985,355,2.7.1,4
1610685405.927325,2985,824,1861,985,355,2.7.1,4
1610689287.475037,2985,824,1862,984,355,2.7.1,4
1610692413.6365826,2985,824,1862,984,355,2.7.1,4
1610696411.992897,2985,824,1861,985,355,2.7.1,4
1610699720.0993314,2985,824,1861,985,355,2.7.1,4
1610703673.234341,2985,824,1861,985,355,2.7.1,4
1610707378.3317351,2985,824,1861,985,355,2.7.1,4
1610710834.5405447,2985,824,1861,985,355,2.7.1,4
1610713913.1827343,2985,824,1863,985,354,2.7.1,4
1610718462.601609,2986,824,1862,984,354,2.7.1,4
1610721294.4163418,2986,824,1862,984,354,2.7.1,4
1610724359.0705957,2986,824,1863,985,354,2.7.1,4
1610728989.0915565,2986,825,1863,986,352,2.7.1,4
1610735042.0157573,2986,825,1864,986,352,2.7.1,4
1610740296.7272525,2985,825,1863,987,352,2.7.1,4
1610743033.968728,2985,825,1863,987,352,2.7.1,4
1610746156.8166015,2984,825,1862,988,353,2.7.1,4
1610749952.8176186,2984,825,1862,988,353,2.7.1,4
1610754073.7678444,2984,825,1861,988,353,2.7.1,4
1610758604.249678,2984,826,1862,988,352,2.7.1,4
1610765259.043281,2985,826,1862,988,352,2.7.1,4
1610769443.2922397,2985,826,1862,988,352,2.7.1,4
1610771887.3819482,2985,826,1862,988,352,2.7.1,4
1610775796.3423536,2985,826,1862,988,352,2.7.1,4
1610778884.80615,2985,826,1862,988,352,2.7.1,4
1610782901.503399,2985,826,1862,988,352,2.7.1,4
1610786131.9619408,2985,826,1862,988,352,2.7.1,4
1610789973.2351544,2985,826,1862,988,352,2.7.1,4
1610793747.1924467,2985,826,1862,988,352,2.7.1,4
1610797164.2449265,2985,826,1862,988,352,2.7.1,4
1610800248.176702,2985,826,1862,988,352,2.7.1,4
1610804784.4597096,2985,826,1862,988,352,2.7.1,4
1610807617.1725564,2985,826,1862,988,352,2.7.1,4
1610810671.8821023,2986,827,1862,989,352,2.7.1,4
1610815205.4921634,2986,827,1862,989,352,2.7.1,4
1610821198.409827,2986,826,1862,989,352,2.7.1,4
1610826552.394205,2986,827,1862,989,352,2.7.1,4
1610829241.3011003,2986,827,1862,989,352,2.7.1,4
1610832289.942834,2986,827,1862,989,352,2.7.1,4
1610836119.5425265,2986,827,1862,989,352,2.7.1,4
1610840144.5573866,2987,827,1862,988,352,2.7.1,4
1610844806.5724103,2987,827,1862,988,352,2.7.1,4
1610851527.1040154,2988,827,1862,988,351,2.7.1,4
1610855892.393371,2988,827,1862,988,352,2.7.1,4
1610858364.3212752,2988,827,1862,988,352,2.7.1,4
1610862213.8662713,2988,827,1862,988,352,2.7.1,4
1610865315.4875166,2988,827,1862,988,352,2.7.1,4
1610869250.3367705,2988,827,1862,988,352,2.7.1,4
1610872482.7288733,2988,827,1862,988,352,2.7.1,4
1610876394.571165,2988,827,1862,988,352,2.7.1,4
1610880070.0609665,2988,827,1862,988,352,2.7.1,4
1610883513.0187922,2988,827,1862,989,352,2.7.1,4
1610886556.1863468,2988,828,1862,989,352,2.7.1,4
1610891025.9819825,2988,828,1862,989,352,2.7.1,4
1610893950.8241537,2988,828,1862,989,352,2.7.1,4
1610897035.968504,2988,828,1862,989,352,2.7.1,4
1610901569.047356,2988,828,1862,989,352,2.7.1,4
1610907530.5646703,2988,828,1862,989,352,2.7.1,4
1610912810.8696146,2988,828,1862,989,352,2.7.1,4
1610915645.0753055,2988,828,1862,989,352,2.7.1,4
1610918635.714441,2988,828,1862,989,352,2.7.1,4
1610922480.6136527,2990,828,1862,989,352,2.7.1,4
1610926572.4434109,2990,828,1862,989,352,2.7.1,4
1610931117.634227,2989,829,1862,989,352,2.7.1,4
1610937842.4088514,2989,829,1862,989,352,2.7.1,4
1610942217.7460685,2989,829,1862,989,352,2.7.1,4
1610944678.3937764,2989,829,1862,989,352,2.7.1,4
1610948587.6073315,2989,829,1862,989,352,2.7.1,4
1610951706.8792324,2989,829,1862,989,352,2.7.1,4
1610955700.963581,2989,829,1862,989,352,2.7.1,4
1610959032.810164,2989,829,1862,989,352,2.7.1,4
1610962941.521589,2989,829,1862,989,352,2.7.1,4
1610966700.9785123,2989,829,1862,989,352,2.7.1,4
1610970140.5418825,2988,830,1862,989,352,2.7.1,4
1610973102.8735309,2988,830,1862,989,352,2.7.1,4
1610977729.9335046,2988,830,1862,990,352,2.7.1,4
1610980597.2029576,2988,830,1862,990,353,2.7.1,4
1610983645.895926,2988,830,1862,990,353,2.7.1,4
1610988158.4876988,2988,830,1862,990,353,2.7.1,4
1610994159.243843,2988,830,1862,990,353,2.7.1,4
1610999492.0356836,2989,832,1861,990,353,2.7.1,4
1611002348.2892992,2989,832,1861,990,353,2.7.1,4
1611005462.2837358,2989,832,1861,990,353,2.7.1,4
1611009117.1340146,2989,832,1861,990,353,2.7.1,4
1611013256.1791844,2991,833,1862,992,353,2.7.1,4
1611017755.713286,2992,832,1862,992,353,2.7.1,4
1611024406.2157423,2995,833,1865,994,353,2.7.1,4
1611028823.7521203,2995,833,1865,994,353,2.7.1,4
1611031206.2896936,2995,833,1865,994,353,2.7.1,4
1611035093.3241916,2995,833,1865,994,353,2.7.1,4
1611038220.8689935,2995,833,1865,994,353,2.7.1,4
1611042190.8511403,2995,833,1865,994,353,2.7.1,4
1611045507.428434,2995,833,1865,994,353,2.7.1,4
1611049508.3084219,2996,833,1865,994,353,2.7.1,4
1611053231.0458496,2996,833,1865,994,353,2.7.1,4
1611056641.8794856,2996,833,1865,994,353,2.7.1,4
1611059648.0234435,2996,833,1865,994,353,2.7.1,4
1611064335.6594176,2996,833,1865,994,353,2.7.1,4
1611067179.412954,2996,833,1865,994,353,2.7.1,4
1611070026.181393,2993,834,1864,995,352,2.7.1,4
1611075767.929799,2996,834,1865,995,351,2.7.1,4
1611080528.340118,2996,832,1869,988,351,2.7.1,4
1611085936.5033488,2996,836,1865,995,351,2.7.1,4
1611088711.0345545,2996,836,1865,995,351,2.7.1,4
1611091957.0425363,2996,836,1865,995,351,2.7.1,4
1611095611.5731332,2996,836,1865,995,351,2.7.1,4
1611099628.4532845,2996,836,1865,995,351,2.7.1,4
1611104212.56528,2996,836,1866,994,351,2.7.1,4
1611110934.1830623,2999,836,1868,995,350,2.7.1,4
1611115355.9973621,2999,836,1868,995,350,2.7.1,4
1611118666.6600046,2999,836,1868,995,350,2.7.1,4
1611121761.7979553,2998,837,1867,996,350,2.7.1,4
1611124798.4350288,2998,837,1867,996,350,2.7.1,4
1611128842.006075,2998,837,1867,996,350,2.7.1,4
1611132109.181086,2998,837,1867,996,350,2.7.1,4
1611136002.741353,2998,837,1867,996,350,2.7.1,4
1611139690.2347653,2998,837,1867,996,350,2.7.1,4
1611143127.9883654,2998,837,1867,996,350,2.7.1,4
1611146042.4261482,2998,837,1867,996,350,2.7.1,4
1611150729.8166826,2998,837,1867,996,350,2.7.1,4
1611153419.2893524,2999,836,1871,996,350,2.7.1,4
1611156542.2196379,2999,836,1871,996,350,2.7.1,4
1611161194.8972623,2999,836,1872,997,350,2.7.1,4
1611167002.1198766,2999,836,1872,997,350,2.7.1,4
1611172401.1794174,2999,836,1872,997,350,2.7.1,4
1611175056.7255216,2999,835,1872,997,350,2.7.1,4
1611178267.7276468,2999,835,1872,997,350,2.7.1,4
1611181793.32294,2998,836,1873,997,350,2.7.1,4
1611185909.6101413,2998,837,1873,997,350,2.7.1,4
1611190604.985994,2999,837,1873,997,350,2.7.1,4
1611197345.9422188,2998,837,1873,997,350,2.7.1,4
1611201725.1901815,2998,837,1873,997,350,2.7.1,4
1611204923.865751,2998,837,1873,997,350,2.7.1,4
1611208085.161202,2998,837,1873,997,350,2.7.1,4
1611211149.9828339,2998,837,1873,997,350,2.7.1,4
1611215142.9256403,2998,837,1873,997,350,2.7.1,4
1611218404.9498472,2998,837,1873,997,350,2.7.1,4
1611222350.3441443,2998,837,1873,997,350,2.7.1,4
1611226226.3171272,2998,837,1872,999,350,2.7.1,4
1611229466.920091,2999,837,1872,999,350,2.7.1,4
1611232427.3266108,2999,837,1872,999,350,2.7.1,4
1611237102.462823,2999,837,1872,999,350,2.7.1,4
1611239784.042212,2999,837,1872,999,350,2.7.1,4
1611242817.6357744,2999,837,1872,999,350,2.7.1,4
1611247389.9020119,3001,836,1873,999,349,2.7.1,4
1611253273.4925828,3001,835,1873,999,349,2.7.1,4
1611258553.815749,3001,836,1873,999,349,2.7.1,4
1611261325.21663,3001,836,1873,999,350,2.7.1,4
1611264580.9916384,3001,836,1873,999,350,2.7.1,4
1611268253.0855532,3001,836,1873,999,350,2.7.1,4
1611272348.309752,3001,836,1873,999,350,2.7.1,4
1611276946.218703,3005,836,1873,999,350,2.7.1,4
1611283697.8951921,3005,835,1873,1000,350,2.7.1,4
1611288148.600361,3005,837,1872,1000,350,2.7.1,4
1611291247.5014927,3005,837,1872,1000,350,2.7.1,4
1611294476.4082625,3004,837,1872,1000,350,2.7.1,4
1611297548.4679441,3005,837,1872,1000,350,2.7.1,4
1611301452.2480512,3004,837,1872,999,350,2.7.1,4
1611304931.0331688,3005,837,1872,1000,350,2.7.1,4
1611308590.2811394,3005,837,1872,1000,350,2.7.1,4
1611312351.990461,3005,837,1872,1000,350,2.7.1,4
1611315772.0964448,3005,837,1872,1000,350,2.7.1,4
1611318799.5976279,3005,837,1872,1000,350,2.7.1,4
1611323371.543301,3005,838,1872,1000,350,2.7.1,4
1611326184.117017,3005,838,1872,1000,350,2.7.1,4
1611329294.2984366,3006,838,1873,1000,348,2.7.1,4
1611333765.9363837,3006,838,1874,1000,348,2.7.1,4
1611339761.4269757,3007,838,1873,1000,348,2.7.1,4
1611345117.050567,3007,838,1873,1000,348,2.7.1,4
1611347920.760545,3007,838,1873,1000,348,2.7.1,4
1611351000.6127036,3007,838,1873,1000,348,2.7.1,4
1611354798.7718086,3007,838,1872,1000,348,2.7.1,4
1611358724.453915,3007,838,1872,1000,348,2.7.1,4
1611363389.6226673,3011,840,1876,1004,347,2.7.1,4
1611369999.8436458,3011,840,1876,1004,347,2.7.1,4
1611374448.5141907,3011,840,1876,1004,347,2.7.1,4
1611376801.4035015,3011,840,1875,1004,347,2.7.1,4
1611380682.5604477,3010,840,1875,1004,347,2.7.1,4
1611383760.2868352,3010,840,1875,1004,347,2.7.1,4
1611387711.0728931,3010,840,1875,1004,347,2.7.1,4
1611390991.0242581,3010,840,1875,1004,347,2.7.1,4
1611394861.157885,3010,840,1875,1004,347,2.7.1,4
1611398573.853956,3010,840,1875,1004,347,2.7.1,4
1611401966.466403,3010,840,1875,1004,347,2.7.1,4
1611405016.1341782,3009,840,1875,1004,346,2.7.1,4
1611409571.2521203,3010,840,1875,1004,347,2.7.1,4
1611412435.9893372,3010,840,1875,1004,347,2.7.1,4
1611415592.978062,3014,840,1876,1004,346,2.7.1,4
1611420019.2016969,3014,840,1876,1004,346,2.7.1,4
1611425933.3044019,3014,840,1876,1004,346,2.7.1,4
1611431256.9622495,3014,840,1876,1004,346,2.7.1,4
1611434046.7929773,3014,840,1876,1004,346,2.7.1,4
1611437162.1123018,3014,840,1876,1004,346,2.7.1,4
1611441006.7137244,3014,840,1876,1004,346,2.7.1,4
1611444957.5840814,3014,840,1876,1004,346,2.7.1,4
1611449702.091594,3014,840,1876,1004,346,2.7.1,4
1611456543.3493261,3015,840,1876,1004,346,2.7.1,4
1611460991.0917919,3015,840,1876,1004,346,2.7.1,4
1611464428.4483044,3015,840,1876,1004,346,2.7.1,4
1611467257.4103954,3015,840,1876,1004,346,2.7.1,4
1611470320.3459694,3014,841,1876,1004,346,2.7.1,4
1611474169.4527335,3014,841,1876,1004,346,2.7.1,4
1611477401.976004,3014,841,1876,1004,346,2.7.1,4
1611481288.8134646,3014,841,1876,1004,346,2.7.1,4
1611485003.6101243,3014,841,1876,1004,346,2.7.1,4
1611488456.2810578,3014,841,1876,1004,346,2.7.1,4
1611491559.4441795,3014,841,1876,1004,346,2.7.1,4
1611496090.1813688,3014,841,1876,1004,346,2.7.1,4
1611498904.3969052,3014,841,1876,1004,346,2.7.1,4
1611501996.8481245,3014,841,1876,1004,346,2.7.1,4
1611506547.994258,3014,841,1876,1004,346,2.7.1,4
1611512477.1092565,3014,841,1876,1005,345,2.7.1,4
1611517751.1316292,3014,841,1876,1005,345,2.7.1,4
1611520550.6274302,3014,841,1876,1005,345,2.7.1,4
1611523670.6499898,3014,841,1876,1004,345,2.7.1,4
1611527436.1398244,3014,841,1876,1004,345,2.7.1,4
1611531415.0685246,3014,841,1878,1005,345,2.7.1,4
1611536074.5820234,3014,841,1878,1005,345,2.7.1,4
1611542901.2683284,3014,841,1878,1005,345,2.7.1,4
1611547347.7650647,3014,841,1878,1005,345,2.7.1,4
1611550795.758256,3014,841,1878,1005,345,2.7.1,4
1611553668.127236,3015,840,1878,1005,345,2.7.1,4
1611556848.9477813,3015,840,1878,1005,345,2.7.1,4
1611560645.7336774,3015,840,1878,1005,345,2.7.1,4
1611563989.28594,3015,840,1878,1005,345,2.7.1,4
1611567903.4862547,3015,840,1878,1005,345,2.7.1,4
1611571616.91027,3015,841,1878,1004,345,2.7.1,4
1611575004.2908647,3015,841,1878,1004,345,2.7.1,4
1611578041.2427406,3015,841,1879,1003,345,2.7.1,4
1611582568.2063904,3015,841,1879,1003,345,2.7.1,4
1611585566.2080665,3015,841,1879,1003,345,2.7.1,4
1611588541.4584527,3016,841,1880,1003,345,2.7.1,4
1611593014.0617456,3016,841,1880,1003,345,2.7.1,4
1611598882.794094,3017,841,1880,1004,344,2.7.1,4
1611604332.4619331,3017,841,1881,1003,344,2.7.1,4
1611607147.8656445,3017,841,1881,1004,343,2.7.1,4
1611610250.930327,3017,841,1881,1004,343,2.7.1,4
1611613435.3381662,3017,841,1881,1004,343,2.7.1,4
1611616784.514299,3017,841,1881,1004,343,2.7.1,4
1611620863.4590333,3017,842,1882,1004,343,2.7.1,4
1611626036.6990113,3017,842,1881,1004,343,2.7.1,4
1611628272.7346425,3017,842,1881,1004,343,2.7.1,4
1611631151.7012925,3017,842,1881,1004,343,2.7.1,4
1611634646.4522061,3017,842,1881,1004,343,2.7.1,4
1611638247.1274028,3017,842,1881,1004,343,2.7.1,4
1611641629.9762278,3017,842,1881,1004,343,2.7.1,4
1611645383.8050025,3017,842,1881,1005,342,2.7.1,4
1611648861.9846697,3017,842,1881,1005,342,2.7.1,4
1611652609.5570323,3018,842,1881,1005,342,2.7.1,4
1611656106.7705386,3018,842,1881,1005,342,2.7.1,4
1611659592.7492325,3018,842,1881,1005,342,2.7.1,4
1611663361.8635018,3018,842,1881,1006,341,2.7.1,4
1611667359.6193545,3019,842,1881,1006,341,2.7.1,4
1611670416.7710989,3019,842,1881,1006,341,2.7.1,4
1611673966.960066,3019,842,1881,1006,341,2.7.1,4
1611678066.2312264,3018,843,1881,1006,341,2.7.1,4
1611682850.8505058,3019,842,1882,1005,341,2.7.1,4
1611685442.6861324,3019,842,1882,1005,341,2.7.1,4
1611688892.601429,3019,842,1882,1005,341,2.7.1,4
1611692028.0820174,3020,844,1881,1007,341,2.7.1,4
1611695590.4616332,3021,844,1881,1007,342,2.7.1,4
1611699235.5604997,3021,844,1881,1007,342,2.7.1,4
1611702852.6540463,3020,844,1880,1007,342,2.7.1,4
1611707186.293142,3021,844,1882,1007,342,2.7.1,4
1611712388.2412076,3025,846,1884,1008,342,2.7.1,4
1611714670.531625,3025,846,1884,1008,342,2.7.1,4
1611717521.2047596,3025,846,1884,1008,342,2.7.1,4
1611721025.5540452,3025,846,1883,1008,342,2.7.1,4
1611724653.082394,3024,846,1883,1008,342,2.7.1,4
1611728053.8492136,3024,846,1883,1008,342,2.7.1,4
1611731753.7500238,3024,846,1883,1009,341,2.7.1,4
1611735294.4024558,3024,846,1883,1009,341,2.7.1,4
1611738998.5982287,3024,845,1883,1010,341,2.7.1,4
1611742482.0379748,3024,845,1883,1010,341,2.7.1,4
1611745999.5969777,3024,845,1883,1010,341,2.7.1,4
1611749819.324856,3024,845,1883,1010,341,2.7.1,4
1611753830.0478141,3024,845,1883,1010,341,2.7.1,4
1611756828.7508905,3024,845,1883,1010,341,2.7.1,4
1611760358.109546,3024,845,1883,1010,341,2.7.1,4
1611764468.3158395,3024,845,1883,1010,341,2.7.1,4
1611769293.509079,3023,845,1884,1010,341,2.7.1,4
1611771939.9299908,3023,845,1884,1010,341,2.7.1,4
1611775365.0810258,3023,845,1884,1010,341,2.7.1,4
1611778435.0059009,3024,845,1884,1010,341,2.7.1,4
1611781963.1555645,3024,845,1884,1010,341,2.7.1,4
1611793638.6125126,3023,844,1884,1011,342,2.7.1,4
1611798943.1945322,3023,844,1885,1012,342,2.7.1,4
1611801202.158032,3023,844,1885,1012,342,2.7.1,4
1611803986.9679844,3023,844,1885,1012,342,2.7.1,4
1611819250.0359435,3023,843,1883,1009,338,2.7.1,4
1611820798.7478573,3023,843,1883,1009,338,2.7.1,4
1611822811.0905976,3023,843,1883,1009,338,2.7.1,4
1611824436.4264202,3023,843,1883,1009,338,2.7.1,4
1611826374.8411326,3023,843,1883,1009,338,2.7.1,4
1611829009.6937463,3023,843,1883,1009,338,2.7.1,4
1611832525.5650795,3023,843,1883,1009,338,2.7.1,4
1611836165.9839845,3020,844,1884,1011,341,2.7.1,4
1611840321.7158008,3022,845,1885,1012,342,2.7.1,4
1611843220.8277125,3022,845,1885,1012,342,2.7.1,4
1611846774.192863,3021,846,1886,1012,342,2.7.1,4
1611850882.8271327,3021,846,1886,1012,342,2.7.1,4
1611855830.1544557,3021,846,1886,1012,342,2.7.1,4
1611858437.118038,3021,846,1886,1012,342,2.7.1,4
1611861815.430548,3021,846,1886,1012,342,2.7.1,4
1611864825.3425653,3021,846,1886,1012,342,2.7.1,4
1611868299.2386842,3022,846,1886,1012,342,2.7.1,4
1611871990.4075496,3022,846,1886,1012,342,2.7.1,4
1611875871.8637893,3022,846,1888,1012,342,2.7.1,4
1611879980.277682,3022,846,1888,1012,342,2.7.1,4
1611885206.7401972,3023,846,1887,1012,342,2.7.1,4
1611887499.2159967,3023,846,1887,1012,342,2.7.1,4
1611890422.3590765,3023,846,1887,1012,342,2.7.1,4
1611893966.2378597,3023,846,1887,1012,342,2.7.1,4
1611897621.824364,3023,846,1887,1012,342,2.7.1,4
1611900844.5247676,3023,846,1887,1012,342,2.7.1,4
1611904649.691788,3023,846,1887,1012,342,2.7.1,4
1611908107.9825437,3023,846,1887,1012,342,2.7.1,4
1611911853.9171538,3023,846,1887,1011,342,2.7.1,4
1611915388.4227886,3023,846,1887,1012,342,2.7.1,4
1611918847.0642273,3023,846,1887,1012,342,2.7.1,4
1611922531.4377618,3023,846,1888,1011,342,2.7.1,4
1611926630.7324069,3023,846,1888,1011,342,2.7.1,4
1611929587.031084,3023,846,1888,1011,342,2.7.1,4
1611933173.5003967,3025,846,1888,1011,342,2.7.1,4
1611942229.0641446,3025,846,1888,1011,342,2.7.1,4
1611944915.8974204,3025,846,1888,1011,342,2.7.1,4
1611948268.6718345,3026,846,1887,1011,342,2.7.1,4
1611951197.5457067,3026,846,1887,1011,342,2.7.1,4
1611954740.2024214,3025,848,1886,1011,342,2.7.1,4
1611958435.2453558,3025,847,1887,1011,342,2.7.1,4
1611962062.7620332,3025,847,1887,1011,342,2.7.1,4
1611966287.5047424,3025,847,1887,1011,342,2.7.1,4
1611971644.8387234,3025,847,1887,1011,342,2.7.1,4
1611973976.0938253,3025,847,1887,1011,342,2.7.1,4
1611976774.8692117,3025,847,1887,1011,342,2.7.1,4
1611980236.833225,3025,847,1887,1011,342,2.7.1,4
1611983963.3848424,3025,847,1887,1011,342,2.7.1,4
1611987205.2274916,3025,847,1887,1011,342,2.7.1,4
1611991063.7243207,3025,847,1887,1011,342,2.7.1,4
1611994450.9103558,3025,847,1887,1011,342,2.7.1,4
1611998149.37721,3025,847,1887,1011,342,2.7.1,4
1612001710.787529,3025,847,1887,1011,342,2.7.1,4
1612005202.4825702,3025,847,1887,1011,342,2.7.1,4
1612008897.0990608,3025,847,1887,1011,342,2.7.1,4
1612013010.4377787,3027,850,1889,1013,342,2.7.1,4
1612015943.1551774,3027,850,1889,1013,342,2.7.1,4
1612019541.4806278,3027,850,1889,1013,342,2.7.1,4
1612023658.157476,3028,852,1890,1013,342,2.7.1,4
1612028478.6150248,3028,852,1890,1013,342,2.7.1,4
1612031119.7975268,3028,852,1890,1013,342,2.7.1,4
1612034445.1121533,3028,852,1890,1013,342,2.7.1,4
1612037571.9028645,3028,852,1890,1013,342,2.7.1,4
1612041141.97668,3027,852,1892,1013,342,2.7.1,4
1612044817.869682,3027,852,1892,1013,342,2.7.1,4
1612048537.6926997,3030,852,1892,1013,342,2.7.1,4
1612052781.7993724,3030,852,1892,1013,342,2.7.1,4
1612058212.5420556,3031,852,1892,1013,342,2.7.1,4
1612060414.0406868,3031,852,1892,1013,342,2.7.1,4
1612063191.2044938,3031,852,1892,1013,342,2.7.1,4
1612066640.8268566,3031,852,1892,1013,342,2.7.1,4
1612070328.863701,3031,852,1892,1013,342,2.7.1,4
1612073673.8915007,3031,852,1892,1013,342,2.7.1,4
